Case_1,PASS,FAILING_POINTS,0,LARGEST_ERROR,6.41259e-12,SUPPORTED,TRUE,EXCEPTION_MSG,NONE,Time,602
Case_2,PASS,FAILING_POINTS,0,LARGEST_ERROR,1.05428e-11,SUPPORTED,TRUE,EXCEPTION_MSG,NONE,Time,235
Case_3,PASS,FAILING_POINTS,0,LARGEST_ERROR,2.34611e-11,SUPPORTED,TRUE,EXCEPTION_MSG,NONE,Time,234
Case_4,PASS,FAILING_POINTS,0,LARGEST_ERROR,2.04697e-11,SUPPORTED,TRUE,EXCEPTION_MSG,NONE,Time,444
Case_5,PASS,FAILING_POINTS,0,LARGEST_ERROR,6.45317e-12,SUPPORTED,TRUE,EXCEPTION_MSG,NONE,Time,362
Case_6,PASS,FAILING_POINTS,0,LARGEST_ERROR,8.88178e-16,SUPPORTED,TRUE,EXCEPTION_MSG,NONE,Time,133
Case_7,PASS,FAILING_POINTS,0,LARGEST_ERROR,1.14864e-11,SUPPORTED,TRUE,EXCEPTION_MSG,NONE,Time,215
Case_8,PASS,FAILING_POINTS,0,LARGEST_ERROR,1.16112e-11,SUPPORTED,TRUE,EXCEPTION_MSG,NONE,Time,143
Case_9,PASS,FAILING_POINTS,0,LARGEST_ERROR,8.88178e-16,SUPPORTED,TRUE,EXCEPTION_MSG,NONE,Time,324
Case_10,PASS,FAILING_POINTS,0,LARGEST_ERROR,1.29001e-11,SUPPORTED,TRUE,EXCEPTION_MSG,NONE,Time,211
Case_11,PASS,FAILING_POINTS,0,LARGEST_ERROR,8.4413e-12,SUPPORTED,TRUE,EXCEPTION_MSG,NONE,Time,214
Case_12,PASS,FAILING_POINTS,0,LARGEST_ERROR,1.47759e-11,SUPPORTED,TRUE,EXCEPTION_MSG,NONE,Time,217
Case_13,PASS,FAILING_POINTS,0,LARGEST_ERROR,8.88178e-16,SUPPORTED,TRUE,EXCEPTION_MSG,NONE,Time,146
Case_14,PASS,FAILING_POINTS,0,LARGEST_ERROR,8.31034e-12,SUPPORTED,TRUE,EXCEPTION_MSG,NONE,Time,424
Case_15,PASS,FAILING_POINTS,0,LARGEST_ERROR,9.60868e-12,SUPPORTED,TRUE,EXCEPTION_MSG,NONE,Time,963
Case_16,PASS,FAILING_POINTS,0,LARGEST_ERROR,3.05798e-11,SUPPORTED,TRUE,EXCEPTION_MSG,NONE,Time,326
Case_17,PASS,FAILING_POINTS,0,LARGEST_ERROR,1.82317e-10,SUPPORTED,TRUE,EXCEPTION_MSG,NONE,Time,187
Case_18,PASS,FAILING_POINTS,0,LARGEST_ERROR,6.32085e-12,SUPPORTED,TRUE,EXCEPTION_MSG,NONE,Time,344
Case_19,PASS,FAILING_POINTS,0,LARGEST_ERROR,7.80056e-12,SUPPORTED,TRUE,EXCEPTION_MSG,NONE,Time,284
Case_20,PASS,FAILING_POINTS,0,LARGEST_ERROR,2.62663e-11,SUPPORTED,TRUE,EXCEPTION_MSG,NONE,Time,180
Case_21,PASS,FAILING_POINTS,0,LARGEST_ERROR,5.52382e-12,SUPPORTED,TRUE,EXCEPTION_MSG,NONE,Time,166
Case_22,PASS,FAILING_POINTS,0,LARGEST_ERROR,2.41053e-11,SUPPORTED,TRUE,EXCEPTION_MSG,NONE,Time,156
Case_23,PASS,FAILING_POINTS,0,LARGEST_ERROR,1.91464e-08,SUPPORTED,TRUE,EXCEPTION_MSG,NONE,Time,317
Case_24,PASS,FAILING_POINTS,0,LARGEST_ERROR,7.47289e-12,SUPPORTED,TRUE,EXCEPTION_MSG,NONE,Time,749
Case_25,PASS,FAILING_POINTS,0,LARGEST_ERROR,9.81289e-12,SUPPORTED,TRUE,EXCEPTION_MSG,NONE,Time,183
Case_26,PASS,FAILING_POINTS,0,LARGEST_ERROR,2.98011e-08,SUPPORTED,TRUE,EXCEPTION_MSG,NONE,Time,154
Case_27,PASS,FAILING_POINTS,0,LARGEST_ERROR,4.19339e-10,SUPPORTED,TRUE,EXCEPTION_MSG,NONE,Time,130
Case_28,PASS,FAILING_POINTS,0,LARGEST_ERROR,5.77094e-13,SUPPORTED,TRUE,EXCEPTION_MSG,NONE,Time,166
Case_29,PASS,FAILING_POINTS,0,LARGEST_ERROR,2.22045e-16,SUPPORTED,TRUE,EXCEPTION_MSG,NONE,Time,445
Case_30,PASS,FAILING_POINTS,0,LARGEST_ERROR,2.22045e-16,SUPPORTED,TRUE,EXCEPTION_MSG,NONE,Time,216
Case_31,PASS,FAILING_POINTS,0,LARGEST_ERROR,3.55271e-14,SUPPORTED,TRUE,EXCEPTION_MSG,NONE,Time,125
Case_32,PASS,FAILING_POINTS,0,LARGEST_ERROR,1.05245e-11,SUPPORTED,TRUE,EXCEPTION_MSG,NONE,Time,177
Case_33,PASS,FAILING_POINTS,0,LARGEST_ERROR,6.73714e-10,SUPPORTED,TRUE,EXCEPTION_MSG,NONE,Time,202
Case_34,PASS,FAILING_POINTS,0,LARGEST_ERROR,1.23226e-11,SUPPORTED,TRUE,EXCEPTION_MSG,NONE,Time,221
Case_35,PASS,FAILING_POINTS,0,LARGEST_ERROR,9.60868e-12,SUPPORTED,TRUE,EXCEPTION_MSG,NONE,Time,503
Case_36,PASS,FAILING_POINTS,0,LARGEST_ERROR,7.98258e-12,SUPPORTED,TRUE,EXCEPTION_MSG,NONE,Time,280
Case_37,PASS,FAILING_POINTS,0,LARGEST_ERROR,1.13921e-11,SUPPORTED,TRUE,EXCEPTION_MSG,NONE,Time,168
Case_38,PASS,FAILING_POINTS,0,LARGEST_ERROR,2.4472e-08,SUPPORTED,TRUE,EXCEPTION_MSG,NONE,Time,125
Case_39,FAIL,FAILING_POINTS,0,LARGEST_ERROR,1,SUPPORTED,FALSE,EXCEPTION_MSG,NOT_SUPPORTED,Time,0
Case_40,FAIL,FAILING_POINTS,0,LARGEST_ERROR,1,SUPPORTED,FALSE,EXCEPTION_MSG,NOT_SUPPORTED,Time,0
Case_41,PASS,FAILING_POINTS,0,LARGEST_ERROR,1.9236e-07,SUPPORTED,TRUE,EXCEPTION_MSG,NONE,Time,285
Case_42,PASS,FAILING_POINTS,0,LARGEST_ERROR,6.41259e-12,SUPPORTED,TRUE,EXCEPTION_MSG,NONE,Time,460
Case_43,PASS,FAILING_POINTS,0,LARGEST_ERROR,3.48888e-11,SUPPORTED,TRUE,EXCEPTION_MSG,NONE,Time,232
Case_44,PASS,FAILING_POINTS,0,LARGEST_ERROR,4.16352e-11,SUPPORTED,TRUE,EXCEPTION_MSG,NONE,Time,316
Case_45,PASS,FAILING_POINTS,0,LARGEST_ERROR,1.341e-11,SUPPORTED,TRUE,EXCEPTION_MSG,NONE,Time,190
Case_46,PASS,FAILING_POINTS,0,LARGEST_ERROR,1.23226e-11,SUPPORTED,TRUE,EXCEPTION_MSG,NONE,Time,583
Case_47,PASS,FAILING_POINTS,0,LARGEST_ERROR,9.60868e-12,SUPPORTED,TRUE,EXCEPTION_MSG,NONE,Time,256
Case_48,PASS,FAILING_POINTS,0,LARGEST_ERROR,1.05245e-11,SUPPORTED,TRUE,EXCEPTION_MSG,NONE,Time,204
Case_49,PASS,FAILING_POINTS,0,LARGEST_ERROR,7.92339e-10,SUPPORTED,TRUE,EXCEPTION_MSG,NONE,Time,266
Case_50,PASS,FAILING_POINTS,0,LARGEST_ERROR,5.99114e-12,SUPPORTED,TRUE,EXCEPTION_MSG,NONE,Time,274
Case_51,PASS,FAILING_POINTS,0,LARGEST_ERROR,1.32873e-07,SUPPORTED,TRUE,EXCEPTION_MSG,NONE,Time,704
Case_52,PASS,FAILING_POINTS,0,LARGEST_ERROR,1.68614e-07,SUPPORTED,TRUE,EXCEPTION_MSG,NONE,Time,182
Case_53,PASS,FAILING_POINTS,0,LARGEST_ERROR,2.31919e-07,SUPPORTED,TRUE,EXCEPTION_MSG,NONE,Time,365
Case_54,PASS,FAILING_POINTS,0,LARGEST_ERROR,4.0789e-09,SUPPORTED,TRUE,EXCEPTION_MSG,NONE,Time,729
Case_55,PASS,FAILING_POINTS,0,LARGEST_ERROR,7.80861e-09,SUPPORTED,TRUE,EXCEPTION_MSG,NONE,Time,212
Case_56,PASS,FAILING_POINTS,0,LARGEST_ERROR,2.03947e-08,SUPPORTED,TRUE,EXCEPTION_MSG,NONE,Time,154
Case_57,PASS,FAILING_POINTS,0,LARGEST_ERROR,1.383e-11,SUPPORTED,TRUE,EXCEPTION_MSG,NONE,Time,219
Case_58,PASS,FAILING_POINTS,0,LARGEST_ERROR,1.383e-11,SUPPORTED,TRUE,EXCEPTION_MSG,NONE,Time,318
Case_59,PASS,FAILING_POINTS,0,LARGEST_ERROR,1.34509e-11,SUPPORTED,TRUE,EXCEPTION_MSG,NONE,Time,315
Case_60,PASS,FAILING_POINTS,0,LARGEST_ERROR,3.9134e-11,SUPPORTED,TRUE,EXCEPTION_MSG,NONE,Time,220
Case_61,PASS,FAILING_POINTS,0,LARGEST_ERROR,7.0674e-12,SUPPORTED,TRUE,EXCEPTION_MSG,NONE,Time,314
Case_62,PASS,FAILING_POINTS,0,LARGEST_ERROR,6.57937e-12,SUPPORTED,TRUE,EXCEPTION_MSG,NONE,Time,561
Case_63,PASS,FAILING_POINTS,0,LARGEST_ERROR,4.87143e-06,SUPPORTED,TRUE,EXCEPTION_MSG,NONE,Time,380
Case_64,PASS,FAILING_POINTS,0,LARGEST_ERROR,4.41288e-09,SUPPORTED,TRUE,EXCEPTION_MSG,NONE,Time,174
Case_65,PASS,FAILING_POINTS,0,LARGEST_ERROR,5.93421e-12,SUPPORTED,TRUE,EXCEPTION_MSG,NONE,Time,191
Case_66,PASS,FAILING_POINTS,0,LARGEST_ERROR,3.21431e-12,SUPPORTED,TRUE,EXCEPTION_MSG,NONE,Time,1167
Case_67,PASS,FAILING_POINTS,0,LARGEST_ERROR,2.5959e-09,SUPPORTED,TRUE,EXCEPTION_MSG,NONE,Time,219
Case_68,PASS,FAILING_POINTS,0,LARGEST_ERROR,4.99801e-06,SUPPORTED,TRUE,EXCEPTION_MSG,NONE,Time,183
Case_69,PASS,FAILING_POINTS,0,LARGEST_ERROR,1.56039e-10,SUPPORTED,TRUE,EXCEPTION_MSG,NONE,Time,658
Case_70,PASS,FAILING_POINTS,0,LARGEST_ERROR,1.86636e-10,SUPPORTED,TRUE,EXCEPTION_MSG,NONE,Time,597
Case_71,PASS,FAILING_POINTS,0,LARGEST_ERROR,2.37702e-08,SUPPORTED,TRUE,EXCEPTION_MSG,NONE,Time,383
Case_72,PASS,FAILING_POINTS,0,LARGEST_ERROR,5.63718e-08,SUPPORTED,TRUE,EXCEPTION_MSG,NONE,Time,913
Case_73,PASS,FAILING_POINTS,0,LARGEST_ERROR,1.85111e-07,SUPPORTED,TRUE,EXCEPTION_MSG,NONE,Time,683
Case_74,PASS,FAILING_POINTS,0,LARGEST_ERROR,2.07112e-07,SUPPORTED,TRUE,EXCEPTION_MSG,NONE,Time,936
Case_75,PASS,FAILING_POINTS,0,LARGEST_ERROR,1.31383e-07,SUPPORTED,TRUE,EXCEPTION_MSG,NONE,Time,954
Case_76,PASS,FAILING_POINTS,0,LARGEST_ERROR,1.56108e-09,SUPPORTED,TRUE,EXCEPTION_MSG,NONE,Time,519
Case_77,PASS,FAILING_POINTS,0,LARGEST_ERROR,1.14929e-07,SUPPORTED,TRUE,EXCEPTION_MSG,NONE,Time,1021
Case_78,PASS,FAILING_POINTS,0,LARGEST_ERROR,9.03888e-09,SUPPORTED,TRUE,EXCEPTION_MSG,NONE,Time,920
Case_79,PASS,FAILING_POINTS,0,LARGEST_ERROR,7.01923e-12,SUPPORTED,TRUE,EXCEPTION_MSG,NONE,Time,1051
Case_80,PASS,FAILING_POINTS,0,LARGEST_ERROR,2.8082e-11,SUPPORTED,TRUE,EXCEPTION_MSG,NONE,Time,362
Case_81,PASS,FAILING_POINTS,0,LARGEST_ERROR,4.94197e-06,SUPPORTED,TRUE,EXCEPTION_MSG,NONE,Time,834
Case_82,PASS,FAILING_POINTS,0,LARGEST_ERROR,1.37845e-11,SUPPORTED,TRUE,EXCEPTION_MSG,NONE,Time,658
Case_83,PASS,FAILING_POINTS,0,LARGEST_ERROR,4.8866e-06,SUPPORTED,TRUE,EXCEPTION_MSG,NONE,Time,805
Case_84,PASS,FAILING_POINTS,0,LARGEST_ERROR,3.70902e-08,SUPPORTED,TRUE,EXCEPTION_MSG,NONE,Time,465
Case_85,PASS,FAILING_POINTS,0,LARGEST_ERROR,8.86843e-12,SUPPORTED,TRUE,EXCEPTION_MSG,NONE,Time,603
Case_86,PASS,FAILING_POINTS,0,LARGEST_ERROR,1.19811e-07,SUPPORTED,TRUE,EXCEPTION_MSG,NONE,Time,887
Case_87,PASS,FAILING_POINTS,0,LARGEST_ERROR,2.44695e-08,SUPPORTED,TRUE,EXCEPTION_MSG,NONE,Time,816
Case_88,PASS,FAILING_POINTS,0,LARGEST_ERROR,3.09939e-08,SUPPORTED,TRUE,EXCEPTION_MSG,NONE,Time,1151
Case_89,PASS,FAILING_POINTS,0,LARGEST_ERROR,1.16856e-11,SUPPORTED,TRUE,EXCEPTION_MSG,NONE,Time,802
Case_90,PASS,FAILING_POINTS,0,LARGEST_ERROR,1.16856e-11,SUPPORTED,TRUE,EXCEPTION_MSG,NONE,Time,766
Case_91,PASS,FAILING_POINTS,0,LARGEST_ERROR,1.16856e-11,SUPPORTED,TRUE,EXCEPTION_MSG,NONE,Time,777
Case_92,PASS,FAILING_POINTS,0,LARGEST_ERROR,1.10523e-11,SUPPORTED,TRUE,EXCEPTION_MSG,NONE,Time,711
Case_93,PASS,FAILING_POINTS,0,LARGEST_ERROR,1.10523e-11,SUPPORTED,TRUE,EXCEPTION_MSG,NONE,Time,1152
Case_94,PASS,FAILING_POINTS,0,LARGEST_ERROR,1.10523e-11,SUPPORTED,TRUE,EXCEPTION_MSG,NONE,Time,933
Case_95,PASS,FAILING_POINTS,0,LARGEST_ERROR,6.45248e-12,SUPPORTED,TRUE,EXCEPTION_MSG,NONE,Time,1156
Case_96,PASS,FAILING_POINTS,0,LARGEST_ERROR,6.45248e-12,SUPPORTED,TRUE,EXCEPTION_MSG,NONE,Time,447
Case_97,PASS,FAILING_POINTS,0,LARGEST_ERROR,6.45248e-12,SUPPORTED,TRUE,EXCEPTION_MSG,NONE,Time,598
Case_98,PASS,FAILING_POINTS,0,LARGEST_ERROR,1.23226e-11,SUPPORTED,TRUE,EXCEPTION_MSG,NONE,Time,605
Case_99,PASS,FAILING_POINTS,0,LARGEST_ERROR,1.23226e-11,SUPPORTED,TRUE,EXCEPTION_MSG,NONE,Time,592
Case_100,PASS,FAILING_POINTS,0,LARGEST_ERROR,1.23226e-11,SUPPORTED,TRUE,EXCEPTION_MSG,NONE,Time,862
Case_101,PASS,FAILING_POINTS,0,LARGEST_ERROR,1.13324e-12,SUPPORTED,TRUE,EXCEPTION_MSG,NONE,Time,866
Case_102,PASS,FAILING_POINTS,0,LARGEST_ERROR,5.99114e-12,SUPPORTED,TRUE,EXCEPTION_MSG,NONE,Time,553
Case_103,PASS,FAILING_POINTS,0,LARGEST_ERROR,5.99114e-12,SUPPORTED,TRUE,EXCEPTION_MSG,NONE,Time,1127
Case_104,PASS,FAILING_POINTS,0,LARGEST_ERROR,1.32873e-07,SUPPORTED,TRUE,EXCEPTION_MSG,NONE,Time,543
Case_105,PASS,FAILING_POINTS,0,LARGEST_ERROR,1.68614e-07,SUPPORTED,TRUE,EXCEPTION_MSG,NONE,Time,887
Case_106,PASS,FAILING_POINTS,0,LARGEST_ERROR,2.31919e-07,SUPPORTED,TRUE,EXCEPTION_MSG,NONE,Time,688
Case_107,PASS,FAILING_POINTS,0,LARGEST_ERROR,2.87231e-08,SUPPORTED,TRUE,EXCEPTION_MSG,NONE,Time,226
Case_108,PASS,FAILING_POINTS,0,LARGEST_ERROR,8.74363e-12,SUPPORTED,TRUE,EXCEPTION_MSG,NONE,Time,901
Case_109,PASS,FAILING_POINTS,0,LARGEST_ERROR,3.77537e-12,SUPPORTED,TRUE,EXCEPTION_MSG,NONE,Time,1087
Case_110,PASS,FAILING_POINTS,0,LARGEST_ERROR,4.0789e-09,SUPPORTED,TRUE,EXCEPTION_MSG,NONE,Time,720
Case_111,PASS,FAILING_POINTS,0,LARGEST_ERROR,7.80861e-09,SUPPORTED,TRUE,EXCEPTION_MSG,NONE,Time,395
Case_112,PASS,FAILING_POINTS,0,LARGEST_ERROR,2.03947e-08,SUPPORTED,TRUE,EXCEPTION_MSG,NONE,Time,1053
Case_113,PASS,FAILING_POINTS,0,LARGEST_ERROR,3.78214e-09,SUPPORTED,TRUE,EXCEPTION_MSG,NONE,Time,933
Case_114,PASS,FAILING_POINTS,0,LARGEST_ERROR,9.3866e-11,SUPPORTED,TRUE,EXCEPTION_MSG,NONE,Time,1240
Case_115,PASS,FAILING_POINTS,0,LARGEST_ERROR,6.57937e-12,SUPPORTED,TRUE,EXCEPTION_MSG,NONE,Time,1228
Case_116,PASS,FAILING_POINTS,0,LARGEST_ERROR,5.39181e-11,SUPPORTED,TRUE,EXCEPTION_MSG,NONE,Time,720
Case_117,PASS,FAILING_POINTS,0,LARGEST_ERROR,2.27065e-11,SUPPORTED,TRUE,EXCEPTION_MSG,NONE,Time,668
Case_118,PASS,FAILING_POINTS,0,LARGEST_ERROR,1.77636e-15,SUPPORTED,TRUE,EXCEPTION_MSG,NONE,Time,871
Case_119,PASS,FAILING_POINTS,0,LARGEST_ERROR,4.87143e-06,SUPPORTED,TRUE,EXCEPTION_MSG,NONE,Time,452
Case_120,PASS,FAILING_POINTS,0,LARGEST_ERROR,4.41288e-09,SUPPORTED,TRUE,EXCEPTION_MSG,NONE,Time,458
Case_121,PASS,FAILING_POINTS,0,LARGEST_ERROR,5.93421e-12,SUPPORTED,TRUE,EXCEPTION_MSG,NONE,Time,955
Case_122,PASS,FAILING_POINTS,0,LARGEST_ERROR,9.25198e-12,SUPPORTED,TRUE,EXCEPTION_MSG,NONE,Time,993
Case_123,PASS,FAILING_POINTS,0,LARGEST_ERROR,3.21431e-12,SUPPORTED,TRUE,EXCEPTION_MSG,NONE,Time,1007
Case_124,PASS,FAILING_POINTS,0,LARGEST_ERROR,2.59588e-09,SUPPORTED,TRUE,EXCEPTION_MSG,NONE,Time,1192
Case_125,PASS,FAILING_POINTS,0,LARGEST_ERROR,6.19196e-11,SUPPORTED,TRUE,EXCEPTION_MSG,NONE,Time,499
Case_126,PASS,FAILING_POINTS,0,LARGEST_ERROR,1.62264e-11,SUPPORTED,TRUE,EXCEPTION_MSG,NONE,Time,633
Case_127,PASS,FAILING_POINTS,0,LARGEST_ERROR,3.3605e-11,SUPPORTED,TRUE,EXCEPTION_MSG,NONE,Time,259
Case_128,PASS,FAILING_POINTS,0,LARGEST_ERROR,5.39238e-11,SUPPORTED,TRUE,EXCEPTION_MSG,NONE,Time,491
Case_129,PASS,FAILING_POINTS,0,LARGEST_ERROR,6.07423e-08,SUPPORTED,TRUE,EXCEPTION_MSG,NONE,Time,342
Case_130,PASS,FAILING_POINTS,0,LARGEST_ERROR,9.5797e-12,SUPPORTED,TRUE,EXCEPTION_MSG,NONE,Time,240
Case_131,PASS,FAILING_POINTS,0,LARGEST_ERROR,8.42643e-11,SUPPORTED,TRUE,EXCEPTION_MSG,NONE,Time,250
Case_132,PASS,FAILING_POINTS,0,LARGEST_ERROR,1.18532e-11,SUPPORTED,TRUE,EXCEPTION_MSG,NONE,Time,202
Case_133,PASS,FAILING_POINTS,0,LARGEST_ERROR,1.18532e-11,SUPPORTED,TRUE,EXCEPTION_MSG,NONE,Time,402
Case_134,PASS,FAILING_POINTS,0,LARGEST_ERROR,1.14853e-10,SUPPORTED,TRUE,EXCEPTION_MSG,NONE,Time,504
Case_135,PASS,FAILING_POINTS,0,LARGEST_ERROR,2.60277e-11,SUPPORTED,TRUE,EXCEPTION_MSG,NONE,Time,249
Case_136,PASS,FAILING_POINTS,0,LARGEST_ERROR,4.99864e-06,SUPPORTED,TRUE,EXCEPTION_MSG,NONE,Time,311
Case_137,PASS,FAILING_POINTS,0,LARGEST_ERROR,2.44695e-08,SUPPORTED,TRUE,EXCEPTION_MSG,NONE,Time,1542
Case_138,PASS,FAILING_POINTS,0,LARGEST_ERROR,2.44695e-08,SUPPORTED,TRUE,EXCEPTION_MSG,NONE,Time,411
Case_139,PASS,FAILING_POINTS,0,LARGEST_ERROR,1.93842e-08,SUPPORTED,TRUE,EXCEPTION_MSG,NONE,Time,247
Case_140,PASS,FAILING_POINTS,0,LARGEST_ERROR,1.93842e-08,SUPPORTED,TRUE,EXCEPTION_MSG,NONE,Time,369
Case_141,PASS,FAILING_POINTS,0,LARGEST_ERROR,1.93842e-08,SUPPORTED,TRUE,EXCEPTION_MSG,NONE,Time,373
Case_142,PASS,FAILING_POINTS,0,LARGEST_ERROR,3.43922e-12,SUPPORTED,TRUE,EXCEPTION_MSG,NONE,Time,207
Case_143,PASS,FAILING_POINTS,0,LARGEST_ERROR,3.43922e-12,SUPPORTED,TRUE,EXCEPTION_MSG,NONE,Time,228
Case_144,PASS,FAILING_POINTS,0,LARGEST_ERROR,3.43922e-12,SUPPORTED,TRUE,EXCEPTION_MSG,NONE,Time,421
Case_145,PASS,FAILING_POINTS,0,LARGEST_ERROR,8.01257e-11,SUPPORTED,TRUE,EXCEPTION_MSG,NONE,Time,289
Case_146,PASS,FAILING_POINTS,0,LARGEST_ERROR,8.01257e-11,SUPPORTED,TRUE,EXCEPTION_MSG,NONE,Time,144
Case_147,PASS,FAILING_POINTS,0,LARGEST_ERROR,8.01257e-11,SUPPORTED,TRUE,EXCEPTION_MSG,NONE,Time,173
Case_148,PASS,FAILING_POINTS,0,LARGEST_ERROR,1.15848e-09,SUPPORTED,TRUE,EXCEPTION_MSG,NONE,Time,258
Case_149,PASS,FAILING_POINTS,0,LARGEST_ERROR,1.15848e-09,SUPPORTED,TRUE,EXCEPTION_MSG,NONE,Time,981
Case_150,PASS,FAILING_POINTS,0,LARGEST_ERROR,1.15848e-09,SUPPORTED,TRUE,EXCEPTION_MSG,NONE,Time,908
Case_151,PASS,FAILING_POINTS,0,LARGEST_ERROR,1.16856e-11,SUPPORTED,TRUE,EXCEPTION_MSG,NONE,Time,845
Case_152,PASS,FAILING_POINTS,0,LARGEST_ERROR,2.4472e-08,SUPPORTED,TRUE,EXCEPTION_MSG,NONE,Time,363
Case_153,PASS,FAILING_POINTS,0,LARGEST_ERROR,1.6801e-11,SUPPORTED,TRUE,EXCEPTION_MSG,NONE,Time,171
Case_154,PASS,FAILING_POINTS,0,LARGEST_ERROR,2.07327e-10,SUPPORTED,TRUE,EXCEPTION_MSG,NONE,Time,137
Case_155,PASS,FAILING_POINTS,0,LARGEST_ERROR,1.6801e-11,SUPPORTED,TRUE,EXCEPTION_MSG,NONE,Time,774
Case_156,PASS,FAILING_POINTS,0,LARGEST_ERROR,2.05351e-10,SUPPORTED,TRUE,EXCEPTION_MSG,NONE,Time,180
Case_157,PASS,FAILING_POINTS,0,LARGEST_ERROR,1.15641e-09,SUPPORTED,TRUE,EXCEPTION_MSG,NONE,Time,288
Case_158,PASS,FAILING_POINTS,0,LARGEST_ERROR,3.07587e-09,SUPPORTED,TRUE,EXCEPTION_MSG,NONE,Time,209
Case_159,PASS,FAILING_POINTS,0,LARGEST_ERROR,3.38987e-11,SUPPORTED,TRUE,EXCEPTION_MSG,NONE,Time,506
Case_160,PASS,FAILING_POINTS,0,LARGEST_ERROR,2.10843e-08,SUPPORTED,TRUE,EXCEPTION_MSG,NONE,Time,885
Case_161,PASS,FAILING_POINTS,0,LARGEST_ERROR,3.25581e-10,SUPPORTED,TRUE,EXCEPTION_MSG,NONE,Time,322
Case_162,PASS,FAILING_POINTS,0,LARGEST_ERROR,3.25581e-10,SUPPORTED,TRUE,EXCEPTION_MSG,NONE,Time,693
Case_163,PASS,FAILING_POINTS,0,LARGEST_ERROR,1.82641e-10,SUPPORTED,TRUE,EXCEPTION_MSG,NONE,Time,126
Case_164,PASS,FAILING_POINTS,0,LARGEST_ERROR,8.88178e-16,SUPPORTED,TRUE,EXCEPTION_MSG,NONE,Time,125
Case_165,PASS,FAILING_POINTS,0,LARGEST_ERROR,1.14902e-10,SUPPORTED,TRUE,EXCEPTION_MSG,NONE,Time,145
Case_166,PASS,FAILING_POINTS,0,LARGEST_ERROR,4.16352e-11,SUPPORTED,TRUE,EXCEPTION_MSG,NONE,Time,264
Case_167,PASS,FAILING_POINTS,0,LARGEST_ERROR,5.24565e-11,SUPPORTED,TRUE,EXCEPTION_MSG,NONE,Time,473
Case_168,PASS,FAILING_POINTS,0,LARGEST_ERROR,9.37924e-12,SUPPORTED,TRUE,EXCEPTION_MSG,NONE,Time,325
Case_169,PASS,FAILING_POINTS,0,LARGEST_ERROR,2.62663e-11,SUPPORTED,TRUE,EXCEPTION_MSG,NONE,Time,232
Case_170,PASS,FAILING_POINTS,0,LARGEST_ERROR,8.46439e-12,SUPPORTED,TRUE,EXCEPTION_MSG,NONE,Time,214
Case_171,PASS,FAILING_POINTS,0,LARGEST_ERROR,5.39438e-10,SUPPORTED,TRUE,EXCEPTION_MSG,NONE,Time,277
Case_172,PASS,FAILING_POINTS,0,LARGEST_ERROR,2.98011e-08,SUPPORTED,TRUE,EXCEPTION_MSG,NONE,Time,1050
Case_173,PASS,FAILING_POINTS,0,LARGEST_ERROR,5.77094e-13,SUPPORTED,TRUE,EXCEPTION_MSG,NONE,Time,279
Case_174,PASS,FAILING_POINTS,0,LARGEST_ERROR,2.22045e-16,SUPPORTED,TRUE,EXCEPTION_MSG,NONE,Time,196
Case_175,PASS,FAILING_POINTS,0,LARGEST_ERROR,7.10543e-15,SUPPORTED,TRUE,EXCEPTION_MSG,NONE,Time,328
Case_176,PASS,FAILING_POINTS,0,LARGEST_ERROR,2.71278e-09,SUPPORTED,TRUE,EXCEPTION_MSG,NONE,Time,301
Case_177,PASS,FAILING_POINTS,0,LARGEST_ERROR,4.35625e-09,SUPPORTED,TRUE,EXCEPTION_MSG,NONE,Time,199
Case_178,PASS,FAILING_POINTS,0,LARGEST_ERROR,7.92339e-10,SUPPORTED,TRUE,EXCEPTION_MSG,NONE,Time,182
Case_179,PASS,FAILING_POINTS,0,LARGEST_ERROR,5.16075e-10,SUPPORTED,TRUE,EXCEPTION_MSG,NONE,Time,291
Case_180,PASS,FAILING_POINTS,0,LARGEST_ERROR,1.18981e-08,SUPPORTED,TRUE,EXCEPTION_MSG,NONE,Time,314
Case_181,PASS,FAILING_POINTS,0,LARGEST_ERROR,2.44666e-08,SUPPORTED,TRUE,EXCEPTION_MSG,NONE,Time,318
Case_182,FAIL,FAILING_POINTS,0,LARGEST_ERROR,1,SUPPORTED,FALSE,EXCEPTION_MSG,NOT_SUPPORTED,Time,0
Case_183,PASS,FAILING_POINTS,0,LARGEST_ERROR,6.54816e-09,SUPPORTED,TRUE,EXCEPTION_MSG,NONE,Time,230
Case_184,FAIL,FAILING_POINTS,0,LARGEST_ERROR,1,SUPPORTED,FALSE,EXCEPTION_MSG,NOT_SUPPORTED,Time,0
Case_185,PASS,FAILING_POINTS,0,LARGEST_ERROR,2.5e-06,SUPPORTED,TRUE,EXCEPTION_MSG,NONE,Time,277
Case_186,PASS,FAILING_POINTS,0,LARGEST_ERROR,1.01903e-11,SUPPORTED,TRUE,EXCEPTION_MSG,NONE,Time,858
Case_187,PASS,FAILING_POINTS,0,LARGEST_ERROR,8.16048e-12,SUPPORTED,TRUE,EXCEPTION_MSG,NONE,Time,141
Case_188,PASS,FAILING_POINTS,0,LARGEST_ERROR,6.84039e-12,SUPPORTED,TRUE,EXCEPTION_MSG,NONE,Time,195
Case_189,PASS,FAILING_POINTS,0,LARGEST_ERROR,1.12455e-11,SUPPORTED,TRUE,EXCEPTION_MSG,NONE,Time,229
Case_190,PASS,FAILING_POINTS,0,LARGEST_ERROR,1.06581e-14,SUPPORTED,TRUE,EXCEPTION_MSG,NONE,Time,640
Case_191,PASS,FAILING_POINTS,0,LARGEST_ERROR,2.75702e-07,SUPPORTED,TRUE,EXCEPTION_MSG,NONE,Time,378
Case_192,PASS,FAILING_POINTS,0,LARGEST_ERROR,2.07889e-07,SUPPORTED,TRUE,EXCEPTION_MSG,NONE,Time,313
Case_193,PASS,FAILING_POINTS,0,LARGEST_ERROR,1.08335e-07,SUPPORTED,TRUE,EXCEPTION_MSG,NONE,Time,383
Case_194,PASS,FAILING_POINTS,0,LARGEST_ERROR,9.448e-08,SUPPORTED,TRUE,EXCEPTION_MSG,NONE,Time,266
Case_195,PASS,FAILING_POINTS,0,LARGEST_ERROR,2.40932e-08,SUPPORTED,TRUE,EXCEPTION_MSG,NONE,Time,441
Case_196,PASS,FAILING_POINTS,0,LARGEST_ERROR,2.87748e-12,SUPPORTED,TRUE,EXCEPTION_MSG,NONE,Time,190
Case_197,PASS,FAILING_POINTS,0,LARGEST_ERROR,3.43359e-12,SUPPORTED,TRUE,EXCEPTION_MSG,NONE,Time,348
Case_198,PASS,FAILING_POINTS,0,LARGEST_ERROR,6.81733e-07,SUPPORTED,TRUE,EXCEPTION_MSG,NONE,Time,523
Case_199,PASS,FAILING_POINTS,0,LARGEST_ERROR,2.75702e-07,SUPPORTED,TRUE,EXCEPTION_MSG,NONE,Time,225
Case_200,PASS,FAILING_POINTS,0,LARGEST_ERROR,1.87615e-07,SUPPORTED,TRUE,EXCEPTION_MSG,NONE,Time,154
Case_201,PASS,FAILING_POINTS,0,LARGEST_ERROR,1.44049e-07,SUPPORTED,TRUE,EXCEPTION_MSG,NONE,Time,222
Case_202,PASS,FAILING_POINTS,0,LARGEST_ERROR,5.84631e-12,SUPPORTED,TRUE,EXCEPTION_MSG,NONE,Time,195
Case_203,PASS,FAILING_POINTS,0,LARGEST_ERROR,7.19305e-12,SUPPORTED,TRUE,EXCEPTION_MSG,NONE,Time,460
Case_204,PASS,FAILING_POINTS,0,LARGEST_ERROR,1.00518e-14,SUPPORTED,TRUE,EXCEPTION_MSG,NONE,Time,369
Case_205,PASS,FAILING_POINTS,0,LARGEST_ERROR,3.44492e-12,SUPPORTED,TRUE,EXCEPTION_MSG,NONE,Time,216
Case_206,PASS,FAILING_POINTS,0,LARGEST_ERROR,1.8257e-11,SUPPORTED,TRUE,EXCEPTION_MSG,NONE,Time,186
Case_207,PASS,FAILING_POINTS,0,LARGEST_ERROR,2.03939e-09,SUPPORTED,TRUE,EXCEPTION_MSG,NONE,Time,154
Case_208,PASS,FAILING_POINTS,0,LARGEST_ERROR,6.41997e-12,SUPPORTED,TRUE,EXCEPTION_MSG,NONE,Time,590
Case_209,PASS,FAILING_POINTS,0,LARGEST_ERROR,8.93203e-10,SUPPORTED,TRUE,EXCEPTION_MSG,NONE,Time,195
Case_210,PASS,FAILING_POINTS,0,LARGEST_ERROR,6.11124e-12,SUPPORTED,TRUE,EXCEPTION_MSG,NONE,Time,207
Case_211,PASS,FAILING_POINTS,0,LARGEST_ERROR,1.11022e-16,SUPPORTED,TRUE,EXCEPTION_MSG,NONE,Time,244
Case_212,PASS,FAILING_POINTS,0,LARGEST_ERROR,1.45542e-11,SUPPORTED,TRUE,EXCEPTION_MSG,NONE,Time,235
Case_213,PASS,FAILING_POINTS,0,LARGEST_ERROR,1.11022e-16,SUPPORTED,TRUE,EXCEPTION_MSG,NONE,Time,426
Case_214,PASS,FAILING_POINTS,0,LARGEST_ERROR,2.45488e-11,SUPPORTED,TRUE,EXCEPTION_MSG,NONE,Time,182
Case_215,PASS,FAILING_POINTS,0,LARGEST_ERROR,1.17749e-10,SUPPORTED,TRUE,EXCEPTION_MSG,NONE,Time,194
Case_216,PASS,FAILING_POINTS,0,LARGEST_ERROR,3.13056e-10,SUPPORTED,TRUE,EXCEPTION_MSG,NONE,Time,126
Case_217,PASS,FAILING_POINTS,0,LARGEST_ERROR,4.69013e-12,SUPPORTED,TRUE,EXCEPTION_MSG,NONE,Time,260
Case_218,PASS,FAILING_POINTS,0,LARGEST_ERROR,6.32078e-11,SUPPORTED,TRUE,EXCEPTION_MSG,NONE,Time,390
Case_219,PASS,FAILING_POINTS,0,LARGEST_ERROR,3.93048e-12,SUPPORTED,TRUE,EXCEPTION_MSG,NONE,Time,595
Case_220,PASS,FAILING_POINTS,0,LARGEST_ERROR,5.93529e-12,SUPPORTED,TRUE,EXCEPTION_MSG,NONE,Time,244
Case_221,PASS,FAILING_POINTS,0,LARGEST_ERROR,5.77174e-12,SUPPORTED,TRUE,EXCEPTION_MSG,NONE,Time,231
Case_222,PASS,FAILING_POINTS,0,LARGEST_ERROR,3.91132e-12,SUPPORTED,TRUE,EXCEPTION_MSG,NONE,Time,696
Case_223,PASS,FAILING_POINTS,0,LARGEST_ERROR,9.25231e-12,SUPPORTED,TRUE,EXCEPTION_MSG,NONE,Time,189
Case_224,PASS,FAILING_POINTS,0,LARGEST_ERROR,2.79604e-09,SUPPORTED,TRUE,EXCEPTION_MSG,NONE,Time,232
Case_225,PASS,FAILING_POINTS,0,LARGEST_ERROR,8.25771e-11,SUPPORTED,TRUE,EXCEPTION_MSG,NONE,Time,171
Case_226,PASS,FAILING_POINTS,0,LARGEST_ERROR,5.55112e-17,SUPPORTED,TRUE,EXCEPTION_MSG,NONE,Time,176
Case_227,PASS,FAILING_POINTS,0,LARGEST_ERROR,1.4809e-11,SUPPORTED,TRUE,EXCEPTION_MSG,NONE,Time,243
Case_228,PASS,FAILING_POINTS,0,LARGEST_ERROR,5.55112e-17,SUPPORTED,TRUE,EXCEPTION_MSG,NONE,Time,164
Case_229,PASS,FAILING_POINTS,0,LARGEST_ERROR,5.41144e-06,SUPPORTED,TRUE,EXCEPTION_MSG,NONE,Time,199
Case_230,PASS,FAILING_POINTS,0,LARGEST_ERROR,2.37543e-09,SUPPORTED,TRUE,EXCEPTION_MSG,NONE,Time,296
Case_231,PASS,FAILING_POINTS,0,LARGEST_ERROR,4.99612e-06,SUPPORTED,TRUE,EXCEPTION_MSG,NONE,Time,274
Case_232,PASS,FAILING_POINTS,0,LARGEST_ERROR,4.57402e-06,SUPPORTED,TRUE,EXCEPTION_MSG,NONE,Time,306
Case_233,PASS,FAILING_POINTS,0,LARGEST_ERROR,6.75013e-12,SUPPORTED,TRUE,EXCEPTION_MSG,NONE,Time,447
Case_234,PASS,FAILING_POINTS,0,LARGEST_ERROR,1.00121e-11,SUPPORTED,TRUE,EXCEPTION_MSG,NONE,Time,236
Case_235,PASS,FAILING_POINTS,0,LARGEST_ERROR,3.95362e-10,SUPPORTED,TRUE,EXCEPTION_MSG,NONE,Time,293
Case_236,PASS,FAILING_POINTS,0,LARGEST_ERROR,3.76547e-11,SUPPORTED,TRUE,EXCEPTION_MSG,NONE,Time,191
Case_237,PASS,FAILING_POINTS,0,LARGEST_ERROR,9.17365e-12,SUPPORTED,TRUE,EXCEPTION_MSG,NONE,Time,814
Case_238,PASS,FAILING_POINTS,0,LARGEST_ERROR,1.94289e-16,SUPPORTED,TRUE,EXCEPTION_MSG,NONE,Time,285
Case_239,PASS,FAILING_POINTS,0,LARGEST_ERROR,1.19733e-08,SUPPORTED,TRUE,EXCEPTION_MSG,NONE,Time,212
Case_240,PASS,FAILING_POINTS,0,LARGEST_ERROR,7.60471e-12,SUPPORTED,TRUE,EXCEPTION_MSG,NONE,Time,275
Case_241,PASS,FAILING_POINTS,0,LARGEST_ERROR,2.75146e-12,SUPPORTED,TRUE,EXCEPTION_MSG,NONE,Time,756
Case_242,PASS,FAILING_POINTS,0,LARGEST_ERROR,8.07138e-12,SUPPORTED,TRUE,EXCEPTION_MSG,NONE,Time,285
Case_243,PASS,FAILING_POINTS,0,LARGEST_ERROR,1.2648e-08,SUPPORTED,TRUE,EXCEPTION_MSG,NONE,Time,164
Case_244,PASS,FAILING_POINTS,0,LARGEST_ERROR,2.73776e-09,SUPPORTED,TRUE,EXCEPTION_MSG,NONE,Time,260
Case_245,PASS,FAILING_POINTS,0,LARGEST_ERROR,1.13284e-08,SUPPORTED,TRUE,EXCEPTION_MSG,NONE,Time,417
Case_246,PASS,FAILING_POINTS,0,LARGEST_ERROR,4.93918e-06,SUPPORTED,TRUE,EXCEPTION_MSG,NONE,Time,361
Case_247,PASS,FAILING_POINTS,0,LARGEST_ERROR,3.15765e-09,SUPPORTED,TRUE,EXCEPTION_MSG,NONE,Time,293
Case_248,PASS,FAILING_POINTS,0,LARGEST_ERROR,1.85777e-07,SUPPORTED,TRUE,EXCEPTION_MSG,NONE,Time,120
Case_249,PASS,FAILING_POINTS,0,LARGEST_ERROR,1.52409e-11,SUPPORTED,TRUE,EXCEPTION_MSG,NONE,Time,150
Case_250,PASS,FAILING_POINTS,0,LARGEST_ERROR,1.19309e-11,SUPPORTED,TRUE,EXCEPTION_MSG,NONE,Time,154
Case_251,PASS,FAILING_POINTS,0,LARGEST_ERROR,4.36644e-08,SUPPORTED,TRUE,EXCEPTION_MSG,NONE,Time,345
Case_252,PASS,FAILING_POINTS,0,LARGEST_ERROR,9.79256e-12,SUPPORTED,TRUE,EXCEPTION_MSG,NONE,Time,343
Case_253,PASS,FAILING_POINTS,0,LARGEST_ERROR,5.93421e-12,SUPPORTED,TRUE,EXCEPTION_MSG,NONE,Time,270
Case_254,PASS,FAILING_POINTS,0,LARGEST_ERROR,2.83841e-08,SUPPORTED,TRUE,EXCEPTION_MSG,NONE,Time,248
Case_255,PASS,FAILING_POINTS,0,LARGEST_ERROR,8.98931e-12,SUPPORTED,TRUE,EXCEPTION_MSG,NONE,Time,775
Case_256,PASS,FAILING_POINTS,0,LARGEST_ERROR,3.72491e-12,SUPPORTED,TRUE,EXCEPTION_MSG,NONE,Time,255
Case_257,PASS,FAILING_POINTS,0,LARGEST_ERROR,3.8486e-08,SUPPORTED,TRUE,EXCEPTION_MSG,NONE,Time,156
Case_258,PASS,FAILING_POINTS,0,LARGEST_ERROR,9.47269e-12,SUPPORTED,TRUE,EXCEPTION_MSG,NONE,Time,205
Case_259,PASS,FAILING_POINTS,0,LARGEST_ERROR,6.20161e-12,SUPPORTED,TRUE,EXCEPTION_MSG,NONE,Time,585
Case_260,PASS,FAILING_POINTS,0,LARGEST_ERROR,1.62264e-11,SUPPORTED,TRUE,EXCEPTION_MSG,NONE,Time,333
Case_261,PASS,FAILING_POINTS,0,LARGEST_ERROR,1.86659e-11,SUPPORTED,TRUE,EXCEPTION_MSG,NONE,Time,168
Case_262,PASS,FAILING_POINTS,0,LARGEST_ERROR,9.86101e-12,SUPPORTED,TRUE,EXCEPTION_MSG,NONE,Time,442
Case_263,PASS,FAILING_POINTS,0,LARGEST_ERROR,8.47653e-12,SUPPORTED,TRUE,EXCEPTION_MSG,NONE,Time,399
Case_264,PASS,FAILING_POINTS,0,LARGEST_ERROR,1.42477e-11,SUPPORTED,TRUE,EXCEPTION_MSG,NONE,Time,408
Case_265,PASS,FAILING_POINTS,0,LARGEST_ERROR,2.17583e-10,SUPPORTED,TRUE,EXCEPTION_MSG,NONE,Time,179
Case_266,PASS,FAILING_POINTS,0,LARGEST_ERROR,2.69857e-11,SUPPORTED,TRUE,EXCEPTION_MSG,NONE,Time,261
Case_267,PASS,FAILING_POINTS,0,LARGEST_ERROR,6.70201e-11,SUPPORTED,TRUE,EXCEPTION_MSG,NONE,Time,232
Case_268,PASS,FAILING_POINTS,0,LARGEST_ERROR,7.33289e-11,SUPPORTED,TRUE,EXCEPTION_MSG,NONE,Time,726
Case_269,PASS,FAILING_POINTS,0,LARGEST_ERROR,5.77094e-13,SUPPORTED,TRUE,EXCEPTION_MSG,NONE,Time,380
Case_270,PASS,FAILING_POINTS,0,LARGEST_ERROR,2.07889e-07,SUPPORTED,TRUE,EXCEPTION_MSG,NONE,Time,158
Case_271,PASS,FAILING_POINTS,0,LARGEST_ERROR,1.59872e-14,SUPPORTED,TRUE,EXCEPTION_MSG,NONE,Time,180
Case_272,PASS,FAILING_POINTS,0,LARGEST_ERROR,2.75702e-07,SUPPORTED,TRUE,EXCEPTION_MSG,NONE,Time,390
Case_273,PASS,FAILING_POINTS,0,LARGEST_ERROR,1.08335e-07,SUPPORTED,TRUE,EXCEPTION_MSG,NONE,Time,488
Case_274,PASS,FAILING_POINTS,0,LARGEST_ERROR,9.448e-08,SUPPORTED,TRUE,EXCEPTION_MSG,NONE,Time,181
Case_275,PASS,FAILING_POINTS,0,LARGEST_ERROR,4.87251e-07,SUPPORTED,TRUE,EXCEPTION_MSG,NONE,Time,166
Case_276,PASS,FAILING_POINTS,0,LARGEST_ERROR,6.81659e-07,SUPPORTED,TRUE,EXCEPTION_MSG,NONE,Time,214
Case_277,PASS,FAILING_POINTS,0,LARGEST_ERROR,2.75702e-07,SUPPORTED,TRUE,EXCEPTION_MSG,NONE,Time,549
Case_278,PASS,FAILING_POINTS,0,LARGEST_ERROR,1.87615e-07,SUPPORTED,TRUE,EXCEPTION_MSG,NONE,Time,728
Case_279,PASS,FAILING_POINTS,0,LARGEST_ERROR,1.44049e-07,SUPPORTED,TRUE,EXCEPTION_MSG,NONE,Time,225
Case_280,PASS,FAILING_POINTS,0,LARGEST_ERROR,1.37829e-08,SUPPORTED,TRUE,EXCEPTION_MSG,NONE,Time,571
Case_281,PASS,FAILING_POINTS,0,LARGEST_ERROR,2.68728e-12,SUPPORTED,TRUE,EXCEPTION_MSG,NONE,Time,299
Case_282,PASS,FAILING_POINTS,0,LARGEST_ERROR,5.55982e-12,SUPPORTED,TRUE,EXCEPTION_MSG,NONE,Time,271
Case_283,PASS,FAILING_POINTS,0,LARGEST_ERROR,8.85481e-12,SUPPORTED,TRUE,EXCEPTION_MSG,NONE,Time,297
Case_284,PASS,FAILING_POINTS,0,LARGEST_ERROR,6.06979e-10,SUPPORTED,TRUE,EXCEPTION_MSG,NONE,Time,204
Case_285,PASS,FAILING_POINTS,0,LARGEST_ERROR,6.32076e-12,SUPPORTED,TRUE,EXCEPTION_MSG,NONE,Time,732
Case_286,PASS,FAILING_POINTS,0,LARGEST_ERROR,4.03784e-09,SUPPORTED,TRUE,EXCEPTION_MSG,NONE,Time,331
Case_287,PASS,FAILING_POINTS,0,LARGEST_ERROR,1.20812e-08,SUPPORTED,TRUE,EXCEPTION_MSG,NONE,Time,229
Case_288,PASS,FAILING_POINTS,0,LARGEST_ERROR,1.85931e-08,SUPPORTED,TRUE,EXCEPTION_MSG,NONE,Time,195
Case_289,PASS,FAILING_POINTS,0,LARGEST_ERROR,4.04364e-09,SUPPORTED,TRUE,EXCEPTION_MSG,NONE,Time,899
Case_290,PASS,FAILING_POINTS,0,LARGEST_ERROR,3.99308e-09,SUPPORTED,TRUE,EXCEPTION_MSG,NONE,Time,354
Case_291,PASS,FAILING_POINTS,0,LARGEST_ERROR,6.29199e-09,SUPPORTED,TRUE,EXCEPTION_MSG,NONE,Time,438
Case_292,PASS,FAILING_POINTS,0,LARGEST_ERROR,1.11963e-08,SUPPORTED,TRUE,EXCEPTION_MSG,NONE,Time,482
Case_293,PASS,FAILING_POINTS,0,LARGEST_ERROR,2.22237e-08,SUPPORTED,TRUE,EXCEPTION_MSG,NONE,Time,303
Case_294,PASS,FAILING_POINTS,0,LARGEST_ERROR,1.93046e-08,SUPPORTED,TRUE,EXCEPTION_MSG,NONE,Time,229
Case_295,PASS,FAILING_POINTS,0,LARGEST_ERROR,9.69525e-09,SUPPORTED,TRUE,EXCEPTION_MSG,NONE,Time,298
Case_296,PASS,FAILING_POINTS,0,LARGEST_ERROR,8.88411e-12,SUPPORTED,TRUE,EXCEPTION_MSG,NONE,Time,499
Case_297,PASS,FAILING_POINTS,0,LARGEST_ERROR,1.05866e-10,SUPPORTED,TRUE,EXCEPTION_MSG,NONE,Time,516
Case_298,PASS,FAILING_POINTS,0,LARGEST_ERROR,8.88178e-16,SUPPORTED,TRUE,EXCEPTION_MSG,NONE,Time,242
Case_299,PASS,FAILING_POINTS,0,LARGEST_ERROR,8.34507e-12,SUPPORTED,TRUE,EXCEPTION_MSG,NONE,Time,290
Case_300,PASS,FAILING_POINTS,0,LARGEST_ERROR,1.10375e-11,SUPPORTED,TRUE,EXCEPTION_MSG,NONE,Time,310
Case_301,PASS,FAILING_POINTS,0,LARGEST_ERROR,1.45951e-11,SUPPORTED,TRUE,EXCEPTION_MSG,NONE,Time,263
Case_302,PASS,FAILING_POINTS,0,LARGEST_ERROR,1.13634e-11,SUPPORTED,TRUE,EXCEPTION_MSG,NONE,Time,214
Case_303,PASS,FAILING_POINTS,0,LARGEST_ERROR,8.88178e-16,SUPPORTED,TRUE,EXCEPTION_MSG,NONE,Time,174
Case_304,PASS,FAILING_POINTS,0,LARGEST_ERROR,8.88178e-16,SUPPORTED,TRUE,EXCEPTION_MSG,NONE,Time,253
Case_305,PASS,FAILING_POINTS,0,LARGEST_ERROR,9.25808e-11,SUPPORTED,TRUE,EXCEPTION_MSG,NONE,Time,728
Case_306,PASS,FAILING_POINTS,0,LARGEST_ERROR,3.58427e-12,SUPPORTED,TRUE,EXCEPTION_MSG,NONE,Time,270
Case_307,PASS,FAILING_POINTS,0,LARGEST_ERROR,6.40717e-12,SUPPORTED,TRUE,EXCEPTION_MSG,NONE,Time,334
Case_308,PASS,FAILING_POINTS,0,LARGEST_ERROR,7.54266e-12,SUPPORTED,TRUE,EXCEPTION_MSG,NONE,Time,296
Case_309,PASS,FAILING_POINTS,0,LARGEST_ERROR,3.5425e-10,SUPPORTED,TRUE,EXCEPTION_MSG,NONE,Time,836
Case_310,PASS,FAILING_POINTS,0,LARGEST_ERROR,1.03656e-07,SUPPORTED,TRUE,EXCEPTION_MSG,NONE,Time,294
Case_311,PASS,FAILING_POINTS,0,LARGEST_ERROR,1.35177e-07,SUPPORTED,TRUE,EXCEPTION_MSG,NONE,Time,159
Case_312,PASS,FAILING_POINTS,0,LARGEST_ERROR,1.35199e-07,SUPPORTED,TRUE,EXCEPTION_MSG,NONE,Time,204
Case_313,PASS,FAILING_POINTS,0,LARGEST_ERROR,2.89719e-07,SUPPORTED,TRUE,EXCEPTION_MSG,NONE,Time,615
Case_314,PASS,FAILING_POINTS,0,LARGEST_ERROR,1.76665e-07,SUPPORTED,TRUE,EXCEPTION_MSG,NONE,Time,178
Case_315,PASS,FAILING_POINTS,0,LARGEST_ERROR,1.84482e-08,SUPPORTED,TRUE,EXCEPTION_MSG,NONE,Time,188
Case_316,PASS,FAILING_POINTS,0,LARGEST_ERROR,3.20729e-07,SUPPORTED,TRUE,EXCEPTION_MSG,NONE,Time,220
Case_317,PASS,FAILING_POINTS,0,LARGEST_ERROR,3.15659e-07,SUPPORTED,TRUE,EXCEPTION_MSG,NONE,Time,546
Case_318,PASS,FAILING_POINTS,0,LARGEST_ERROR,3.15659e-07,SUPPORTED,TRUE,EXCEPTION_MSG,NONE,Time,667
Case_319,PASS,FAILING_POINTS,0,LARGEST_ERROR,4.97631e-06,SUPPORTED,TRUE,EXCEPTION_MSG,NONE,Time,349
Case_320,PASS,FAILING_POINTS,0,LARGEST_ERROR,4.70466e-06,SUPPORTED,TRUE,EXCEPTION_MSG,NONE,Time,255
Case_321,PASS,FAILING_POINTS,0,LARGEST_ERROR,4.96293e-06,SUPPORTED,TRUE,EXCEPTION_MSG,NONE,Time,508
Case_322,PASS,FAILING_POINTS,0,LARGEST_ERROR,5.74579e-11,SUPPORTED,TRUE,EXCEPTION_MSG,NONE,Time,230
Case_323,PASS,FAILING_POINTS,0,LARGEST_ERROR,6.57807e-12,SUPPORTED,TRUE,EXCEPTION_MSG,NONE,Time,161
Case_324,PASS,FAILING_POINTS,0,LARGEST_ERROR,5.74835e-11,SUPPORTED,TRUE,EXCEPTION_MSG,NONE,Time,269
Case_325,PASS,FAILING_POINTS,0,LARGEST_ERROR,4.91223e-06,SUPPORTED,TRUE,EXCEPTION_MSG,NONE,Time,401
Case_326,PASS,FAILING_POINTS,0,LARGEST_ERROR,4.86297e-06,SUPPORTED,TRUE,EXCEPTION_MSG,NONE,Time,483
Case_327,PASS,FAILING_POINTS,0,LARGEST_ERROR,4.8866e-06,SUPPORTED,TRUE,EXCEPTION_MSG,NONE,Time,334
Case_328,PASS,FAILING_POINTS,0,LARGEST_ERROR,3.60318e-07,SUPPORTED,TRUE,EXCEPTION_MSG,NONE,Time,375
Case_329,PASS,FAILING_POINTS,0,LARGEST_ERROR,9.67579e-08,SUPPORTED,TRUE,EXCEPTION_MSG,NONE,Time,719
Case_330,PASS,FAILING_POINTS,0,LARGEST_ERROR,2.02791e-09,SUPPORTED,TRUE,EXCEPTION_MSG,NONE,Time,326
Case_331,PASS,FAILING_POINTS,0,LARGEST_ERROR,3.1259e-09,SUPPORTED,TRUE,EXCEPTION_MSG,NONE,Time,272
Case_332,PASS,FAILING_POINTS,0,LARGEST_ERROR,6.05328e-12,SUPPORTED,TRUE,EXCEPTION_MSG,NONE,Time,190
Case_333,PASS,FAILING_POINTS,0,LARGEST_ERROR,4.8532e-08,SUPPORTED,TRUE,EXCEPTION_MSG,NONE,Time,652
Case_334,PASS,FAILING_POINTS,0,LARGEST_ERROR,5.46338e-12,SUPPORTED,TRUE,EXCEPTION_MSG,NONE,Time,374
Case_335,PASS,FAILING_POINTS,0,LARGEST_ERROR,8.88178e-16,SUPPORTED,TRUE,EXCEPTION_MSG,NONE,Time,161
Case_336,PASS,FAILING_POINTS,0,LARGEST_ERROR,1.21267e-09,SUPPORTED,TRUE,EXCEPTION_MSG,NONE,Time,250
Case_337,PASS,FAILING_POINTS,0,LARGEST_ERROR,1.18753e-08,SUPPORTED,TRUE,EXCEPTION_MSG,NONE,Time,499
Case_338,PASS,FAILING_POINTS,0,LARGEST_ERROR,1.14281e-11,SUPPORTED,TRUE,EXCEPTION_MSG,NONE,Time,519
Case_339,PASS,FAILING_POINTS,0,LARGEST_ERROR,7.6531e-12,SUPPORTED,TRUE,EXCEPTION_MSG,NONE,Time,312
Case_340,PASS,FAILING_POINTS,0,LARGEST_ERROR,6.27649e-12,SUPPORTED,TRUE,EXCEPTION_MSG,NONE,Time,206
Case_341,PASS,FAILING_POINTS,0,LARGEST_ERROR,1.00176e-11,SUPPORTED,TRUE,EXCEPTION_MSG,NONE,Time,467
Case_342,PASS,FAILING_POINTS,0,LARGEST_ERROR,7.6531e-12,SUPPORTED,TRUE,EXCEPTION_MSG,NONE,Time,520
Case_343,PASS,FAILING_POINTS,0,LARGEST_ERROR,1.77636e-15,SUPPORTED,TRUE,EXCEPTION_MSG,NONE,Time,168
Case_344,PASS,FAILING_POINTS,0,LARGEST_ERROR,4.85403e-08,SUPPORTED,TRUE,EXCEPTION_MSG,NONE,Time,178
Case_345,PASS,FAILING_POINTS,0,LARGEST_ERROR,4.80635e-08,SUPPORTED,TRUE,EXCEPTION_MSG,NONE,Time,190
Case_346,PASS,FAILING_POINTS,0,LARGEST_ERROR,8.88178e-16,SUPPORTED,TRUE,EXCEPTION_MSG,NONE,Time,339
Case_347,PASS,FAILING_POINTS,0,LARGEST_ERROR,4.84624e-08,SUPPORTED,TRUE,EXCEPTION_MSG,NONE,Time,216
Case_348,PASS,FAILING_POINTS,0,LARGEST_ERROR,2.55229e-08,SUPPORTED,TRUE,EXCEPTION_MSG,NONE,Time,349
Case_349,PASS,FAILING_POINTS,0,LARGEST_ERROR,1.21508e-07,SUPPORTED,TRUE,EXCEPTION_MSG,NONE,Time,226
Case_350,PASS,FAILING_POINTS,0,LARGEST_ERROR,4.2237e-08,SUPPORTED,TRUE,EXCEPTION_MSG,NONE,Time,279
Case_351,PASS,FAILING_POINTS,0,LARGEST_ERROR,6.91955e-11,SUPPORTED,TRUE,EXCEPTION_MSG,NONE,Time,333
Case_352,PASS,FAILING_POINTS,0,LARGEST_ERROR,9.37838e-10,SUPPORTED,TRUE,EXCEPTION_MSG,NONE,Time,604
Case_353,PASS,FAILING_POINTS,0,LARGEST_ERROR,5.38445e-09,SUPPORTED,TRUE,EXCEPTION_MSG,NONE,Time,260
Case_354,PASS,FAILING_POINTS,0,LARGEST_ERROR,4.95218e-09,SUPPORTED,TRUE,EXCEPTION_MSG,NONE,Time,263
Case_355,PASS,FAILING_POINTS,0,LARGEST_ERROR,6.71219e-09,SUPPORTED,TRUE,EXCEPTION_MSG,NONE,Time,558
Case_356,PASS,FAILING_POINTS,0,LARGEST_ERROR,4.36811e-08,SUPPORTED,TRUE,EXCEPTION_MSG,NONE,Time,343
Case_357,PASS,FAILING_POINTS,0,LARGEST_ERROR,3.81899e-08,SUPPORTED,TRUE,EXCEPTION_MSG,NONE,Time,329
Case_358,PASS,FAILING_POINTS,0,LARGEST_ERROR,1.02518e-07,SUPPORTED,TRUE,EXCEPTION_MSG,NONE,Time,401
Case_359,PASS,FAILING_POINTS,0,LARGEST_ERROR,1.21845e-08,SUPPORTED,TRUE,EXCEPTION_MSG,NONE,Time,374
Case_360,PASS,FAILING_POINTS,0,LARGEST_ERROR,2.07906e-08,SUPPORTED,TRUE,EXCEPTION_MSG,NONE,Time,198
Case_361,PASS,FAILING_POINTS,0,LARGEST_ERROR,3.35205e-09,SUPPORTED,TRUE,EXCEPTION_MSG,NONE,Time,299
Case_362,PASS,FAILING_POINTS,0,LARGEST_ERROR,2.46781e-08,SUPPORTED,TRUE,EXCEPTION_MSG,NONE,Time,241
Case_363,PASS,FAILING_POINTS,0,LARGEST_ERROR,5.6194e-09,SUPPORTED,TRUE,EXCEPTION_MSG,NONE,Time,776
Case_364,PASS,FAILING_POINTS,0,LARGEST_ERROR,4.3494e-09,SUPPORTED,TRUE,EXCEPTION_MSG,NONE,Time,187
Case_365,PASS,FAILING_POINTS,0,LARGEST_ERROR,1.91259e-09,SUPPORTED,TRUE,EXCEPTION_MSG,NONE,Time,185
Case_366,PASS,FAILING_POINTS,0,LARGEST_ERROR,6.25146e-09,SUPPORTED,TRUE,EXCEPTION_MSG,NONE,Time,149
Case_367,PASS,FAILING_POINTS,0,LARGEST_ERROR,4.9705e-09,SUPPORTED,TRUE,EXCEPTION_MSG,NONE,Time,172
Case_368,PASS,FAILING_POINTS,0,LARGEST_ERROR,1.47218e-08,SUPPORTED,TRUE,EXCEPTION_MSG,NONE,Time,706
Case_369,PASS,FAILING_POINTS,0,LARGEST_ERROR,3.75895e-08,SUPPORTED,TRUE,EXCEPTION_MSG,NONE,Time,430
Case_370,PASS,FAILING_POINTS,0,LARGEST_ERROR,2.67379e-07,SUPPORTED,TRUE,EXCEPTION_MSG,NONE,Time,290
Case_371,PASS,FAILING_POINTS,0,LARGEST_ERROR,1.58752e-07,SUPPORTED,TRUE,EXCEPTION_MSG,NONE,Time,595
Case_372,PASS,FAILING_POINTS,0,LARGEST_ERROR,3.005e-11,SUPPORTED,TRUE,EXCEPTION_MSG,NONE,Time,407
Case_373,PASS,FAILING_POINTS,0,LARGEST_ERROR,2.98515e-08,SUPPORTED,TRUE,EXCEPTION_MSG,NONE,Time,227
Case_374,PASS,FAILING_POINTS,0,LARGEST_ERROR,1.45529e-08,SUPPORTED,TRUE,EXCEPTION_MSG,NONE,Time,272
Case_375,PASS,FAILING_POINTS,0,LARGEST_ERROR,1.55234e-08,SUPPORTED,TRUE,EXCEPTION_MSG,NONE,Time,595
Case_376,PASS,FAILING_POINTS,0,LARGEST_ERROR,1.06411e-08,SUPPORTED,TRUE,EXCEPTION_MSG,NONE,Time,253
Case_377,PASS,FAILING_POINTS,0,LARGEST_ERROR,3.49753e-08,SUPPORTED,TRUE,EXCEPTION_MSG,NONE,Time,188
Case_378,PASS,FAILING_POINTS,0,LARGEST_ERROR,9.92569e-09,SUPPORTED,TRUE,EXCEPTION_MSG,NONE,Time,274
Case_379,PASS,FAILING_POINTS,0,LARGEST_ERROR,1.06411e-08,SUPPORTED,TRUE,EXCEPTION_MSG,NONE,Time,252
Case_380,PASS,FAILING_POINTS,0,LARGEST_ERROR,4.49081e-08,SUPPORTED,TRUE,EXCEPTION_MSG,NONE,Time,360
Case_381,PASS,FAILING_POINTS,0,LARGEST_ERROR,2.16818e-08,SUPPORTED,TRUE,EXCEPTION_MSG,NONE,Time,629
Case_382,PASS,FAILING_POINTS,0,LARGEST_ERROR,3.38097e-08,SUPPORTED,TRUE,EXCEPTION_MSG,NONE,Time,321
Case_383,PASS,FAILING_POINTS,0,LARGEST_ERROR,1.10633e-07,SUPPORTED,TRUE,EXCEPTION_MSG,NONE,Time,350
Case_384,PASS,FAILING_POINTS,0,LARGEST_ERROR,2.27098e-11,SUPPORTED,TRUE,EXCEPTION_MSG,NONE,Time,459
Case_385,PASS,FAILING_POINTS,0,LARGEST_ERROR,1.31939e-10,SUPPORTED,TRUE,EXCEPTION_MSG,NONE,Time,256
Case_386,PASS,FAILING_POINTS,0,LARGEST_ERROR,8.68269e-10,SUPPORTED,TRUE,EXCEPTION_MSG,NONE,Time,165
Case_387,PASS,FAILING_POINTS,0,LARGEST_ERROR,4.14424e-09,SUPPORTED,TRUE,EXCEPTION_MSG,NONE,Time,198
Case_388,PASS,FAILING_POINTS,0,LARGEST_ERROR,4.14424e-09,SUPPORTED,TRUE,EXCEPTION_MSG,NONE,Time,239
Case_389,PASS,FAILING_POINTS,0,LARGEST_ERROR,1.01691e-08,SUPPORTED,TRUE,EXCEPTION_MSG,NONE,Time,409
Case_390,PASS,FAILING_POINTS,0,LARGEST_ERROR,6.48569e-09,SUPPORTED,TRUE,EXCEPTION_MSG,NONE,Time,334
Case_391,PASS,FAILING_POINTS,0,LARGEST_ERROR,7.24546e-12,SUPPORTED,TRUE,EXCEPTION_MSG,NONE,Time,197
Case_392,PASS,FAILING_POINTS,0,LARGEST_ERROR,7.17462e-11,SUPPORTED,TRUE,EXCEPTION_MSG,NONE,Time,245
Case_393,PASS,FAILING_POINTS,0,LARGEST_ERROR,1.54561e-07,SUPPORTED,TRUE,EXCEPTION_MSG,NONE,Time,204
Case_394,PASS,FAILING_POINTS,0,LARGEST_ERROR,1.54561e-07,SUPPORTED,TRUE,EXCEPTION_MSG,NONE,Time,610
Case_395,PASS,FAILING_POINTS,0,LARGEST_ERROR,4.60586e-08,SUPPORTED,TRUE,EXCEPTION_MSG,NONE,Time,221
Case_396,PASS,FAILING_POINTS,0,LARGEST_ERROR,1.66781e-08,SUPPORTED,TRUE,EXCEPTION_MSG,NONE,Time,310
Case_397,PASS,FAILING_POINTS,0,LARGEST_ERROR,5.42986e-08,SUPPORTED,TRUE,EXCEPTION_MSG,NONE,Time,275
Case_398,PASS,FAILING_POINTS,0,LARGEST_ERROR,4.22385e-08,SUPPORTED,TRUE,EXCEPTION_MSG,NONE,Time,415
Case_399,PASS,FAILING_POINTS,0,LARGEST_ERROR,3.63308e-08,SUPPORTED,TRUE,EXCEPTION_MSG,NONE,Time,321
Case_400,PASS,FAILING_POINTS,0,LARGEST_ERROR,6.52097e-08,SUPPORTED,TRUE,EXCEPTION_MSG,NONE,Time,231
Case_401,PASS,FAILING_POINTS,0,LARGEST_ERROR,1.38199e-07,SUPPORTED,TRUE,EXCEPTION_MSG,NONE,Time,186
Case_402,PASS,FAILING_POINTS,0,LARGEST_ERROR,3.63308e-08,SUPPORTED,TRUE,EXCEPTION_MSG,NONE,Time,300
Case_403,PASS,FAILING_POINTS,0,LARGEST_ERROR,6.52097e-08,SUPPORTED,TRUE,EXCEPTION_MSG,NONE,Time,429
Case_404,PASS,FAILING_POINTS,0,LARGEST_ERROR,1.38199e-07,SUPPORTED,TRUE,EXCEPTION_MSG,NONE,Time,294
Case_405,PASS,FAILING_POINTS,0,LARGEST_ERROR,4.60182e-09,SUPPORTED,TRUE,EXCEPTION_MSG,NONE,Time,272
Case_406,PASS,FAILING_POINTS,0,LARGEST_ERROR,4.84583e-08,SUPPORTED,TRUE,EXCEPTION_MSG,NONE,Time,261
Case_407,PASS,FAILING_POINTS,0,LARGEST_ERROR,7.86682e-08,SUPPORTED,TRUE,EXCEPTION_MSG,NONE,Time,319
Case_408,PASS,FAILING_POINTS,0,LARGEST_ERROR,5.18159e-10,SUPPORTED,TRUE,EXCEPTION_MSG,NONE,Time,1029
Case_409,PASS,FAILING_POINTS,0,LARGEST_ERROR,8.4708e-07,SUPPORTED,TRUE,EXCEPTION_MSG,NONE,Time,286
Case_410,PASS,FAILING_POINTS,0,LARGEST_ERROR,5.81947e-06,SUPPORTED,TRUE,EXCEPTION_MSG,NONE,Time,243
Case_411,PASS,FAILING_POINTS,0,LARGEST_ERROR,4.03831e-09,SUPPORTED,TRUE,EXCEPTION_MSG,NONE,Time,173
Case_412,PASS,FAILING_POINTS,0,LARGEST_ERROR,4.03831e-09,SUPPORTED,TRUE,EXCEPTION_MSG,NONE,Time,371
Case_413,PASS,FAILING_POINTS,0,LARGEST_ERROR,2.98907e-08,SUPPORTED,TRUE,EXCEPTION_MSG,NONE,Time,220
Case_414,PASS,FAILING_POINTS,0,LARGEST_ERROR,2.62457e-08,SUPPORTED,TRUE,EXCEPTION_MSG,NONE,Time,214
Case_415,PASS,FAILING_POINTS,0,LARGEST_ERROR,1.34837e-07,SUPPORTED,TRUE,EXCEPTION_MSG,NONE,Time,223
Case_416,PASS,FAILING_POINTS,0,LARGEST_ERROR,2.80332e-08,SUPPORTED,TRUE,EXCEPTION_MSG,NONE,Time,334
Case_417,PASS,FAILING_POINTS,0,LARGEST_ERROR,4.10572e-09,SUPPORTED,TRUE,EXCEPTION_MSG,NONE,Time,325
Case_418,PASS,FAILING_POINTS,0,LARGEST_ERROR,4.63608e-09,SUPPORTED,TRUE,EXCEPTION_MSG,NONE,Time,311
Case_419,PASS,FAILING_POINTS,0,LARGEST_ERROR,2.20271e-08,SUPPORTED,TRUE,EXCEPTION_MSG,NONE,Time,277
Case_420,PASS,FAILING_POINTS,0,LARGEST_ERROR,2.90739e-09,SUPPORTED,TRUE,EXCEPTION_MSG,NONE,Time,367
Case_421,PASS,FAILING_POINTS,0,LARGEST_ERROR,4.39587e-09,SUPPORTED,TRUE,EXCEPTION_MSG,NONE,Time,231
Case_422,PASS,FAILING_POINTS,0,LARGEST_ERROR,6.50259e-09,SUPPORTED,TRUE,EXCEPTION_MSG,NONE,Time,655
Case_423,PASS,FAILING_POINTS,0,LARGEST_ERROR,1.30152e-08,SUPPORTED,TRUE,EXCEPTION_MSG,NONE,Time,224
Case_424,PASS,FAILING_POINTS,0,LARGEST_ERROR,7.88068e-09,SUPPORTED,TRUE,EXCEPTION_MSG,NONE,Time,157
Case_425,PASS,FAILING_POINTS,0,LARGEST_ERROR,4.79742e-09,SUPPORTED,TRUE,EXCEPTION_MSG,NONE,Time,178
Case_426,PASS,FAILING_POINTS,0,LARGEST_ERROR,6.28659e-05,SUPPORTED,TRUE,EXCEPTION_MSG,NONE,Time,270
Case_427,PASS,FAILING_POINTS,0,LARGEST_ERROR,0.000289244,SUPPORTED,TRUE,EXCEPTION_MSG,NONE,Time,428
Case_428,PASS,FAILING_POINTS,0,LARGEST_ERROR,5.68781e-06,SUPPORTED,TRUE,EXCEPTION_MSG,NONE,Time,257
Case_429,PASS,FAILING_POINTS,0,LARGEST_ERROR,1.08776e-06,SUPPORTED,TRUE,EXCEPTION_MSG,NONE,Time,188
Case_430,PASS,FAILING_POINTS,0,LARGEST_ERROR,4.08229e-07,SUPPORTED,TRUE,EXCEPTION_MSG,NONE,Time,252
Case_431,PASS,FAILING_POINTS,0,LARGEST_ERROR,1.57294e-05,SUPPORTED,TRUE,EXCEPTION_MSG,NONE,Time,303
Case_432,PASS,FAILING_POINTS,0,LARGEST_ERROR,2.66716e-08,SUPPORTED,TRUE,EXCEPTION_MSG,NONE,Time,707
Case_433,PASS,FAILING_POINTS,0,LARGEST_ERROR,6.8218e-09,SUPPORTED,TRUE,EXCEPTION_MSG,NONE,Time,357
Case_434,PASS,FAILING_POINTS,0,LARGEST_ERROR,9.7685e-09,SUPPORTED,TRUE,EXCEPTION_MSG,NONE,Time,203
Case_435,PASS,FAILING_POINTS,0,LARGEST_ERROR,1.69771e-08,SUPPORTED,TRUE,EXCEPTION_MSG,NONE,Time,239
Case_436,PASS,FAILING_POINTS,0,LARGEST_ERROR,5.45581e-09,SUPPORTED,TRUE,EXCEPTION_MSG,NONE,Time,458
Case_437,PASS,FAILING_POINTS,0,LARGEST_ERROR,4.41932e-08,SUPPORTED,TRUE,EXCEPTION_MSG,NONE,Time,156
Case_438,PASS,FAILING_POINTS,0,LARGEST_ERROR,5.05093e-08,SUPPORTED,TRUE,EXCEPTION_MSG,NONE,Time,197
Case_439,PASS,FAILING_POINTS,0,LARGEST_ERROR,9.70087e-08,SUPPORTED,TRUE,EXCEPTION_MSG,NONE,Time,215
Case_440,PASS,FAILING_POINTS,0,LARGEST_ERROR,4.95615e-08,SUPPORTED,TRUE,EXCEPTION_MSG,NONE,Time,312
Case_441,PASS,FAILING_POINTS,0,LARGEST_ERROR,3.71289e-09,SUPPORTED,TRUE,EXCEPTION_MSG,NONE,Time,620
Case_442,PASS,FAILING_POINTS,0,LARGEST_ERROR,7.48159e-11,SUPPORTED,TRUE,EXCEPTION_MSG,NONE,Time,310
Case_443,PASS,FAILING_POINTS,0,LARGEST_ERROR,1.03264e-10,SUPPORTED,TRUE,EXCEPTION_MSG,NONE,Time,242
Case_444,PASS,FAILING_POINTS,0,LARGEST_ERROR,3.59319e-08,SUPPORTED,TRUE,EXCEPTION_MSG,NONE,Time,230
Case_445,PASS,FAILING_POINTS,0,LARGEST_ERROR,1.22401e-08,SUPPORTED,TRUE,EXCEPTION_MSG,NONE,Time,710
Case_446,PASS,FAILING_POINTS,0,LARGEST_ERROR,1.26361e-08,SUPPORTED,TRUE,EXCEPTION_MSG,NONE,Time,200
Case_447,PASS,FAILING_POINTS,0,LARGEST_ERROR,1.31385e-09,SUPPORTED,TRUE,EXCEPTION_MSG,NONE,Time,208
Case_448,PASS,FAILING_POINTS,0,LARGEST_ERROR,1.32106e-08,SUPPORTED,TRUE,EXCEPTION_MSG,NONE,Time,184
Case_449,PASS,FAILING_POINTS,0,LARGEST_ERROR,1.2342e-11,SUPPORTED,TRUE,EXCEPTION_MSG,NONE,Time,185
Case_450,PASS,FAILING_POINTS,0,LARGEST_ERROR,3.36439e-07,SUPPORTED,TRUE,EXCEPTION_MSG,NONE,Time,171
Case_451,PASS,FAILING_POINTS,0,LARGEST_ERROR,2.07631e-07,SUPPORTED,TRUE,EXCEPTION_MSG,NONE,Time,526
Case_452,PASS,FAILING_POINTS,0,LARGEST_ERROR,1.14246e-07,SUPPORTED,TRUE,EXCEPTION_MSG,NONE,Time,262
Case_453,PASS,FAILING_POINTS,0,LARGEST_ERROR,5.6314e-09,SUPPORTED,TRUE,EXCEPTION_MSG,NONE,Time,221
Case_454,PASS,FAILING_POINTS,0,LARGEST_ERROR,2.82159e-08,SUPPORTED,TRUE,EXCEPTION_MSG,NONE,Time,306
Case_455,PASS,FAILING_POINTS,0,LARGEST_ERROR,6.14371e-08,SUPPORTED,TRUE,EXCEPTION_MSG,NONE,Time,588
Case_456,PASS,FAILING_POINTS,0,LARGEST_ERROR,0.000742783,SUPPORTED,TRUE,EXCEPTION_MSG,NONE,Time,337
Case_457,PASS,FAILING_POINTS,0,LARGEST_ERROR,1.6872e-05,SUPPORTED,TRUE,EXCEPTION_MSG,NONE,Time,217
Case_458,PASS,FAILING_POINTS,0,LARGEST_ERROR,3.22091e-05,SUPPORTED,TRUE,EXCEPTION_MSG,NONE,Time,224
Case_459,PASS,FAILING_POINTS,0,LARGEST_ERROR,0.000742783,SUPPORTED,TRUE,EXCEPTION_MSG,NONE,Time,778
Case_460,PASS,FAILING_POINTS,0,LARGEST_ERROR,1.6872e-05,SUPPORTED,TRUE,EXCEPTION_MSG,NONE,Time,348
Case_461,PASS,FAILING_POINTS,0,LARGEST_ERROR,3.22091e-05,SUPPORTED,TRUE,EXCEPTION_MSG,NONE,Time,275
Case_462,PASS,FAILING_POINTS,0,LARGEST_ERROR,8.60325e-12,SUPPORTED,TRUE,EXCEPTION_MSG,NONE,Time,133
Case_463,PASS,FAILING_POINTS,0,LARGEST_ERROR,5.37452e-09,SUPPORTED,TRUE,EXCEPTION_MSG,NONE,Time,150
Case_464,PASS,FAILING_POINTS,0,LARGEST_ERROR,8.88178e-16,SUPPORTED,TRUE,EXCEPTION_MSG,NONE,Time,450
Case_465,PASS,FAILING_POINTS,0,LARGEST_ERROR,1.19773e-10,SUPPORTED,TRUE,EXCEPTION_MSG,NONE,Time,444
Case_466,PASS,FAILING_POINTS,0,LARGEST_ERROR,5.99114e-12,SUPPORTED,TRUE,EXCEPTION_MSG,NONE,Time,237
Case_467,PASS,FAILING_POINTS,0,LARGEST_ERROR,3.02544e-10,SUPPORTED,TRUE,EXCEPTION_MSG,NONE,Time,221
Case_468,PASS,FAILING_POINTS,0,LARGEST_ERROR,1.82281e-11,SUPPORTED,TRUE,EXCEPTION_MSG,NONE,Time,378
Case_469,PASS,FAILING_POINTS,0,LARGEST_ERROR,4.99864e-06,SUPPORTED,TRUE,EXCEPTION_MSG,NONE,Time,300
Case_470,PASS,FAILING_POINTS,0,LARGEST_ERROR,4.99864e-06,SUPPORTED,TRUE,EXCEPTION_MSG,NONE,Time,237
Case_471,PASS,FAILING_POINTS,0,LARGEST_ERROR,4.99864e-06,SUPPORTED,TRUE,EXCEPTION_MSG,NONE,Time,257
Case_472,PASS,FAILING_POINTS,0,LARGEST_ERROR,4.99864e-06,SUPPORTED,TRUE,EXCEPTION_MSG,NONE,Time,157
Case_473,PASS,FAILING_POINTS,0,LARGEST_ERROR,4.99864e-06,SUPPORTED,TRUE,EXCEPTION_MSG,NONE,Time,139
Case_474,PASS,FAILING_POINTS,0,LARGEST_ERROR,1.3224e-10,SUPPORTED,TRUE,EXCEPTION_MSG,NONE,Time,733
Case_475,PASS,FAILING_POINTS,0,LARGEST_ERROR,1.30243e-11,SUPPORTED,TRUE,EXCEPTION_MSG,NONE,Time,182
Case_476,PASS,FAILING_POINTS,0,LARGEST_ERROR,7.68467e-10,SUPPORTED,TRUE,EXCEPTION_MSG,NONE,Time,167
Case_477,PASS,FAILING_POINTS,0,LARGEST_ERROR,3.48888e-11,SUPPORTED,TRUE,EXCEPTION_MSG,NONE,Time,226
Case_478,PASS,FAILING_POINTS,0,LARGEST_ERROR,1.19773e-10,SUPPORTED,TRUE,EXCEPTION_MSG,NONE,Time,188
Case_479,PASS,FAILING_POINTS,0,LARGEST_ERROR,1.23226e-11,SUPPORTED,TRUE,EXCEPTION_MSG,NONE,Time,668
Case_480,PASS,FAILING_POINTS,0,LARGEST_ERROR,7.92339e-10,SUPPORTED,TRUE,EXCEPTION_MSG,NONE,Time,317
Case_481,PASS,FAILING_POINTS,0,LARGEST_ERROR,3.48888e-11,SUPPORTED,TRUE,EXCEPTION_MSG,NONE,Time,297
Case_482,PASS,FAILING_POINTS,0,LARGEST_ERROR,1.19773e-10,SUPPORTED,TRUE,EXCEPTION_MSG,NONE,Time,234
Case_483,PASS,FAILING_POINTS,0,LARGEST_ERROR,6.8644e-12,SUPPORTED,TRUE,EXCEPTION_MSG,NONE,Time,384
Case_484,PASS,FAILING_POINTS,0,LARGEST_ERROR,7.41497e-10,SUPPORTED,TRUE,EXCEPTION_MSG,NONE,Time,141
Case_485,PASS,FAILING_POINTS,0,LARGEST_ERROR,2.98847e-11,SUPPORTED,TRUE,EXCEPTION_MSG,NONE,Time,182
Case_486,PASS,FAILING_POINTS,0,LARGEST_ERROR,3.94803e-09,SUPPORTED,TRUE,EXCEPTION_MSG,NONE,Time,160
Case_487,PASS,FAILING_POINTS,0,LARGEST_ERROR,3.94803e-09,SUPPORTED,TRUE,EXCEPTION_MSG,NONE,Time,230
Case_488,PASS,FAILING_POINTS,0,LARGEST_ERROR,3.94803e-09,SUPPORTED,TRUE,EXCEPTION_MSG,NONE,Time,261
Case_489,PASS,FAILING_POINTS,0,LARGEST_ERROR,1.3224e-10,SUPPORTED,TRUE,EXCEPTION_MSG,NONE,Time,670
Case_490,PASS,FAILING_POINTS,0,LARGEST_ERROR,1.30243e-11,SUPPORTED,TRUE,EXCEPTION_MSG,NONE,Time,285
Case_491,PASS,FAILING_POINTS,0,LARGEST_ERROR,7.68467e-10,SUPPORTED,TRUE,EXCEPTION_MSG,NONE,Time,246
Case_492,PASS,FAILING_POINTS,0,LARGEST_ERROR,1.71642e-07,SUPPORTED,TRUE,EXCEPTION_MSG,NONE,Time,236
Case_493,PASS,FAILING_POINTS,0,LARGEST_ERROR,5.65124e-09,SUPPORTED,TRUE,EXCEPTION_MSG,NONE,Time,539
Case_494,PASS,FAILING_POINTS,0,LARGEST_ERROR,1.71642e-07,SUPPORTED,TRUE,EXCEPTION_MSG,NONE,Time,366
Case_495,PASS,FAILING_POINTS,0,LARGEST_ERROR,4.24039e-12,SUPPORTED,TRUE,EXCEPTION_MSG,NONE,Time,222
Case_496,PASS,FAILING_POINTS,0,LARGEST_ERROR,2.10228e-09,SUPPORTED,TRUE,EXCEPTION_MSG,NONE,Time,259
Case_497,PASS,FAILING_POINTS,0,LARGEST_ERROR,3.84792e-11,SUPPORTED,TRUE,EXCEPTION_MSG,NONE,Time,162
Case_498,PASS,FAILING_POINTS,0,LARGEST_ERROR,5.68434e-14,SUPPORTED,TRUE,EXCEPTION_MSG,NONE,Time,317
Case_499,PASS,FAILING_POINTS,0,LARGEST_ERROR,5.68434e-14,SUPPORTED,TRUE,EXCEPTION_MSG,NONE,Time,146
Case_500,PASS,FAILING_POINTS,0,LARGEST_ERROR,5.68434e-14,SUPPORTED,TRUE,EXCEPTION_MSG,NONE,Time,147
Case_501,PASS,FAILING_POINTS,0,LARGEST_ERROR,8.22135e-11,SUPPORTED,TRUE,EXCEPTION_MSG,NONE,Time,278
Case_502,PASS,FAILING_POINTS,0,LARGEST_ERROR,7.07521e-10,SUPPORTED,TRUE,EXCEPTION_MSG,NONE,Time,310
Case_503,PASS,FAILING_POINTS,0,LARGEST_ERROR,8.23223e-12,SUPPORTED,TRUE,EXCEPTION_MSG,NONE,Time,588
Case_504,PASS,FAILING_POINTS,0,LARGEST_ERROR,2.14072e-09,SUPPORTED,TRUE,EXCEPTION_MSG,NONE,Time,879
Case_505,PASS,FAILING_POINTS,0,LARGEST_ERROR,2.43923e-11,SUPPORTED,TRUE,EXCEPTION_MSG,NONE,Time,279
Case_506,PASS,FAILING_POINTS,0,LARGEST_ERROR,2.35843e-10,SUPPORTED,TRUE,EXCEPTION_MSG,NONE,Time,556
Case_507,PASS,FAILING_POINTS,0,LARGEST_ERROR,9.12194e-08,SUPPORTED,TRUE,EXCEPTION_MSG,NONE,Time,130
Case_508,PASS,FAILING_POINTS,0,LARGEST_ERROR,9.12194e-08,SUPPORTED,TRUE,EXCEPTION_MSG,NONE,Time,125
Case_509,PASS,FAILING_POINTS,0,LARGEST_ERROR,9.12194e-08,SUPPORTED,TRUE,EXCEPTION_MSG,NONE,Time,152
Case_510,PASS,FAILING_POINTS,0,LARGEST_ERROR,4.95897e-06,SUPPORTED,TRUE,EXCEPTION_MSG,NONE,Time,149
Case_511,PASS,FAILING_POINTS,0,LARGEST_ERROR,4.95897e-06,SUPPORTED,TRUE,EXCEPTION_MSG,NONE,Time,273
Case_512,PASS,FAILING_POINTS,0,LARGEST_ERROR,4.95897e-06,SUPPORTED,TRUE,EXCEPTION_MSG,NONE,Time,615
Case_513,PASS,FAILING_POINTS,0,LARGEST_ERROR,6.12298e-12,SUPPORTED,TRUE,EXCEPTION_MSG,NONE,Time,357
Case_514,PASS,FAILING_POINTS,0,LARGEST_ERROR,8.9389e-10,SUPPORTED,TRUE,EXCEPTION_MSG,NONE,Time,289
Case_515,PASS,FAILING_POINTS,0,LARGEST_ERROR,2.10867e-11,SUPPORTED,TRUE,EXCEPTION_MSG,NONE,Time,240
Case_516,PASS,FAILING_POINTS,0,LARGEST_ERROR,4.95897e-06,SUPPORTED,TRUE,EXCEPTION_MSG,NONE,Time,397
Case_517,PASS,FAILING_POINTS,0,LARGEST_ERROR,4.95897e-06,SUPPORTED,TRUE,EXCEPTION_MSG,NONE,Time,759
Case_518,PASS,FAILING_POINTS,0,LARGEST_ERROR,4.95897e-06,SUPPORTED,TRUE,EXCEPTION_MSG,NONE,Time,194
Case_519,PASS,FAILING_POINTS,0,LARGEST_ERROR,2.42067e-10,SUPPORTED,TRUE,EXCEPTION_MSG,NONE,Time,252
Case_520,PASS,FAILING_POINTS,0,LARGEST_ERROR,4.39446e-12,SUPPORTED,TRUE,EXCEPTION_MSG,NONE,Time,720
Case_521,PASS,FAILING_POINTS,0,LARGEST_ERROR,1.38778e-09,SUPPORTED,TRUE,EXCEPTION_MSG,NONE,Time,207
Case_522,PASS,FAILING_POINTS,0,LARGEST_ERROR,2.93775e-11,SUPPORTED,TRUE,EXCEPTION_MSG,NONE,Time,198
Case_523,PASS,FAILING_POINTS,0,LARGEST_ERROR,1.3224e-10,SUPPORTED,TRUE,EXCEPTION_MSG,NONE,Time,277
Case_524,PASS,FAILING_POINTS,0,LARGEST_ERROR,1.30243e-11,SUPPORTED,TRUE,EXCEPTION_MSG,NONE,Time,466
Case_525,PASS,FAILING_POINTS,0,LARGEST_ERROR,1.95058e-08,SUPPORTED,TRUE,EXCEPTION_MSG,NONE,Time,256
Case_526,PASS,FAILING_POINTS,0,LARGEST_ERROR,1.95058e-08,SUPPORTED,TRUE,EXCEPTION_MSG,NONE,Time,191
Case_527,PASS,FAILING_POINTS,0,LARGEST_ERROR,1.95058e-08,SUPPORTED,TRUE,EXCEPTION_MSG,NONE,Time,285
Case_528,PASS,FAILING_POINTS,0,LARGEST_ERROR,1.95058e-08,SUPPORTED,TRUE,EXCEPTION_MSG,NONE,Time,262
Case_529,PASS,FAILING_POINTS,0,LARGEST_ERROR,2.48431e-11,SUPPORTED,TRUE,EXCEPTION_MSG,NONE,Time,636
Case_530,PASS,FAILING_POINTS,0,LARGEST_ERROR,4.99864e-06,SUPPORTED,TRUE,EXCEPTION_MSG,NONE,Time,319
Case_531,FAIL,FAILING_POINTS,0,LARGEST_ERROR,1,SUPPORTED,FALSE,EXCEPTION_MSG,NOT_SUPPORTED,Time,0
Case_532,PASS,FAILING_POINTS,0,LARGEST_ERROR,4.573e-11,SUPPORTED,TRUE,EXCEPTION_MSG,NONE,Time,221
Case_533,FAIL,FAILING_POINTS,0,LARGEST_ERROR,1,SUPPORTED,FALSE,EXCEPTION_MSG,NOT_SUPPORTED,Time,0
Case_534,FAIL,FAILING_POINTS,0,LARGEST_ERROR,1,SUPPORTED,FALSE,EXCEPTION_MSG,NOT_SUPPORTED,Time,0
Case_535,FAIL,FAILING_POINTS,0,LARGEST_ERROR,1,SUPPORTED,FALSE,EXCEPTION_MSG,NOT_SUPPORTED,Time,0
Case_536,FAIL,FAILING_POINTS,0,LARGEST_ERROR,1,SUPPORTED,FALSE,EXCEPTION_MSG,NOT_SUPPORTED,Time,0
Case_537,FAIL,FAILING_POINTS,0,LARGEST_ERROR,1,SUPPORTED,FALSE,EXCEPTION_MSG,NOT_SUPPORTED,Time,0
Case_538,FAIL,FAILING_POINTS,0,LARGEST_ERROR,1,SUPPORTED,FALSE,EXCEPTION_MSG,NOT_SUPPORTED,Time,0
Case_539,PASS,FAILING_POINTS,0,LARGEST_ERROR,2.94445e-08,SUPPORTED,TRUE,EXCEPTION_MSG,NONE,Time,582
Case_540,PASS,FAILING_POINTS,0,LARGEST_ERROR,1.07513e-11,SUPPORTED,TRUE,EXCEPTION_MSG,NONE,Time,202
Case_541,PASS,FAILING_POINTS,0,LARGEST_ERROR,2.97727e-08,SUPPORTED,TRUE,EXCEPTION_MSG,NONE,Time,161
Case_542,PASS,FAILING_POINTS,0,LARGEST_ERROR,3.09512e-08,SUPPORTED,TRUE,EXCEPTION_MSG,NONE,Time,246
Case_543,FAIL,FAILING_POINTS,0,LARGEST_ERROR,1,SUPPORTED,FALSE,EXCEPTION_MSG,NOT_SUPPORTED,Time,0
Case_544,PASS,FAILING_POINTS,0,LARGEST_ERROR,2.06724e-11,SUPPORTED,TRUE,EXCEPTION_MSG,NONE,Time,451
Case_545,PASS,FAILING_POINTS,0,LARGEST_ERROR,8.68511e-12,SUPPORTED,TRUE,EXCEPTION_MSG,NONE,Time,180
Case_546,FAIL,FAILING_POINTS,0,LARGEST_ERROR,1,SUPPORTED,FALSE,EXCEPTION_MSG,NOT_SUPPORTED,Time,0
Case_547,PASS,FAILING_POINTS,0,LARGEST_ERROR,2.08237e-08,SUPPORTED,TRUE,EXCEPTION_MSG,NONE,Time,271
Case_548,FAIL,FAILING_POINTS,0,LARGEST_ERROR,1,SUPPORTED,FALSE,EXCEPTION_MSG,NOT_SUPPORTED,Time,0
Case_549,FAIL,FAILING_POINTS,0,LARGEST_ERROR,1,SUPPORTED,FALSE,EXCEPTION_MSG,NOT_SUPPORTED,Time,0
Case_550,FAIL,FAILING_POINTS,0,LARGEST_ERROR,1,SUPPORTED,FALSE,EXCEPTION_MSG,NOT_SUPPORTED,Time,0
Case_551,FAIL,FAILING_POINTS,0,LARGEST_ERROR,1,SUPPORTED,FALSE,EXCEPTION_MSG,NOT_SUPPORTED,Time,0
Case_552,FAIL,FAILING_POINTS,0,LARGEST_ERROR,1,SUPPORTED,FALSE,EXCEPTION_MSG,NOT_SUPPORTED,Time,0
Case_553,FAIL,FAILING_POINTS,0,LARGEST_ERROR,1,SUPPORTED,FALSE,EXCEPTION_MSG,NOT_SUPPORTED,Time,0
Case_554,FAIL,FAILING_POINTS,0,LARGEST_ERROR,1,SUPPORTED,FALSE,EXCEPTION_MSG,NOT_SUPPORTED,Time,0
Case_555,FAIL,FAILING_POINTS,0,LARGEST_ERROR,1,SUPPORTED,FALSE,EXCEPTION_MSG,NOT_SUPPORTED,Time,0
Case_556,FAIL,FAILING_POINTS,0,LARGEST_ERROR,1,SUPPORTED,FALSE,EXCEPTION_MSG,NOT_SUPPORTED,Time,0
Case_557,FAIL,FAILING_POINTS,0,LARGEST_ERROR,1,SUPPORTED,FALSE,EXCEPTION_MSG,NOT_SUPPORTED,Time,0
Case_558,FAIL,FAILING_POINTS,0,LARGEST_ERROR,1,SUPPORTED,FALSE,EXCEPTION_MSG,NOT_SUPPORTED,Time,0
Case_559,FAIL,FAILING_POINTS,0,LARGEST_ERROR,1,SUPPORTED,FALSE,EXCEPTION_MSG,NOT_SUPPORTED,Time,0
Case_560,FAIL,FAILING_POINTS,0,LARGEST_ERROR,1,SUPPORTED,FALSE,EXCEPTION_MSG,NOT_SUPPORTED,Time,0
Case_561,FAIL,FAILING_POINTS,0,LARGEST_ERROR,1,SUPPORTED,FALSE,EXCEPTION_MSG,NOT_SUPPORTED,Time,0
Case_562,FAIL,FAILING_POINTS,0,LARGEST_ERROR,1,SUPPORTED,FALSE,EXCEPTION_MSG,NOT_SUPPORTED,Time,0
Case_563,FAIL,FAILING_POINTS,0,LARGEST_ERROR,1,SUPPORTED,FALSE,EXCEPTION_MSG,NOT_SUPPORTED,Time,0
Case_564,FAIL,FAILING_POINTS,0,LARGEST_ERROR,1,SUPPORTED,FALSE,EXCEPTION_MSG,NOT_SUPPORTED,Time,1
Case_565,FAIL,FAILING_POINTS,0,LARGEST_ERROR,1,SUPPORTED,FALSE,EXCEPTION_MSG,NOT_SUPPORTED,Time,0
Case_566,FAIL,FAILING_POINTS,0,LARGEST_ERROR,1,SUPPORTED,FALSE,EXCEPTION_MSG,NOT_SUPPORTED,Time,0
Case_567,FAIL,FAILING_POINTS,0,LARGEST_ERROR,1,SUPPORTED,FALSE,EXCEPTION_MSG,NOT_SUPPORTED,Time,0
Case_568,PASS,FAILING_POINTS,0,LARGEST_ERROR,4.573e-11,SUPPORTED,TRUE,EXCEPTION_MSG,NONE,Time,209
Case_569,FAIL,FAILING_POINTS,0,LARGEST_ERROR,1,SUPPORTED,FALSE,EXCEPTION_MSG,NOT_SUPPORTED,Time,0
Case_570,FAIL,FAILING_POINTS,0,LARGEST_ERROR,1,SUPPORTED,FALSE,EXCEPTION_MSG,NOT_SUPPORTED,Time,0
Case_571,FAIL,FAILING_POINTS,0,LARGEST_ERROR,1,SUPPORTED,FALSE,EXCEPTION_MSG,NOT_SUPPORTED,Time,0
Case_572,PASS,FAILING_POINTS,0,LARGEST_ERROR,4.573e-11,SUPPORTED,TRUE,EXCEPTION_MSG,NONE,Time,182
Case_573,FAIL,FAILING_POINTS,0,LARGEST_ERROR,1,SUPPORTED,FALSE,EXCEPTION_MSG,NOT_SUPPORTED,Time,0
Case_574,PASS,FAILING_POINTS,0,LARGEST_ERROR,3.53706e-11,SUPPORTED,TRUE,EXCEPTION_MSG,NONE,Time,188
Case_575,FAIL,FAILING_POINTS,0,LARGEST_ERROR,1,SUPPORTED,FALSE,EXCEPTION_MSG,NOT_SUPPORTED,Time,0
Case_576,FAIL,FAILING_POINTS,0,LARGEST_ERROR,1,SUPPORTED,FALSE,EXCEPTION_MSG,NOT_SUPPORTED,Time,0
Case_577,PASS,FAILING_POINTS,0,LARGEST_ERROR,1.89366e-09,SUPPORTED,TRUE,EXCEPTION_MSG,NONE,Time,545
Case_578,PASS,FAILING_POINTS,0,LARGEST_ERROR,8.61178e-10,SUPPORTED,TRUE,EXCEPTION_MSG,NONE,Time,301
Case_579,PASS,FAILING_POINTS,0,LARGEST_ERROR,8.88178e-16,SUPPORTED,TRUE,EXCEPTION_MSG,NONE,Time,158
Case_580,PASS,FAILING_POINTS,0,LARGEST_ERROR,2.13243e-11,SUPPORTED,TRUE,EXCEPTION_MSG,NONE,Time,294
Case_581,PASS,FAILING_POINTS,0,LARGEST_ERROR,5.50447e-10,SUPPORTED,TRUE,EXCEPTION_MSG,NONE,Time,274
Case_582,PASS,FAILING_POINTS,0,LARGEST_ERROR,2.93826e-11,SUPPORTED,TRUE,EXCEPTION_MSG,NONE,Time,451
Case_583,PASS,FAILING_POINTS,0,LARGEST_ERROR,2.89986e-11,SUPPORTED,TRUE,EXCEPTION_MSG,NONE,Time,257
Case_584,PASS,FAILING_POINTS,0,LARGEST_ERROR,7.81935e-12,SUPPORTED,TRUE,EXCEPTION_MSG,NONE,Time,283
Case_585,PASS,FAILING_POINTS,0,LARGEST_ERROR,1.70083e-11,SUPPORTED,TRUE,EXCEPTION_MSG,NONE,Time,166
Case_586,PASS,FAILING_POINTS,0,LARGEST_ERROR,3.78567e-08,SUPPORTED,TRUE,EXCEPTION_MSG,NONE,Time,220
Case_587,PASS,FAILING_POINTS,0,LARGEST_ERROR,1.63106e-11,SUPPORTED,TRUE,EXCEPTION_MSG,NONE,Time,214
Case_588,PASS,FAILING_POINTS,0,LARGEST_ERROR,9.48494e-09,SUPPORTED,TRUE,EXCEPTION_MSG,NONE,Time,380
Case_589,PASS,FAILING_POINTS,0,LARGEST_ERROR,3.25581e-10,SUPPORTED,TRUE,EXCEPTION_MSG,NONE,Time,233
Case_590,PASS,FAILING_POINTS,0,LARGEST_ERROR,1.23226e-11,SUPPORTED,TRUE,EXCEPTION_MSG,NONE,Time,273
Case_591,PASS,FAILING_POINTS,0,LARGEST_ERROR,7.61168e-12,SUPPORTED,TRUE,EXCEPTION_MSG,NONE,Time,461
Case_592,PASS,FAILING_POINTS,0,LARGEST_ERROR,2.71278e-09,SUPPORTED,TRUE,EXCEPTION_MSG,NONE,Time,373
Case_593,PASS,FAILING_POINTS,0,LARGEST_ERROR,1.2754e-10,SUPPORTED,TRUE,EXCEPTION_MSG,NONE,Time,301
Case_594,PASS,FAILING_POINTS,0,LARGEST_ERROR,5.99114e-12,SUPPORTED,TRUE,EXCEPTION_MSG,NONE,Time,255
Case_595,PASS,FAILING_POINTS,0,LARGEST_ERROR,1.09975e-11,SUPPORTED,TRUE,EXCEPTION_MSG,NONE,Time,285
Case_596,PASS,FAILING_POINTS,0,LARGEST_ERROR,1.72534e-11,SUPPORTED,TRUE,EXCEPTION_MSG,NONE,Time,1248
Case_597,PASS,FAILING_POINTS,0,LARGEST_ERROR,1.00962e-09,SUPPORTED,TRUE,EXCEPTION_MSG,NONE,Time,1603
Case_598,PASS,FAILING_POINTS,0,LARGEST_ERROR,4.8965e-06,SUPPORTED,TRUE,EXCEPTION_MSG,NONE,Time,1298
Case_599,PASS,FAILING_POINTS,0,LARGEST_ERROR,4.41288e-09,SUPPORTED,TRUE,EXCEPTION_MSG,NONE,Time,193
Case_600,PASS,FAILING_POINTS,0,LARGEST_ERROR,5.93421e-12,SUPPORTED,TRUE,EXCEPTION_MSG,NONE,Time,233
Case_601,PASS,FAILING_POINTS,0,LARGEST_ERROR,4.8866e-06,SUPPORTED,TRUE,EXCEPTION_MSG,NONE,Time,147
Case_602,PASS,FAILING_POINTS,0,LARGEST_ERROR,5.27371e-11,SUPPORTED,TRUE,EXCEPTION_MSG,NONE,Time,152
Case_603,PASS,FAILING_POINTS,0,LARGEST_ERROR,9.48494e-09,SUPPORTED,TRUE,EXCEPTION_MSG,NONE,Time,150
Case_604,PASS,FAILING_POINTS,0,LARGEST_ERROR,3.01698e-11,SUPPORTED,TRUE,EXCEPTION_MSG,NONE,Time,415
Case_605,PASS,FAILING_POINTS,0,LARGEST_ERROR,1.03577e-09,SUPPORTED,TRUE,EXCEPTION_MSG,NONE,Time,183
Case_606,PASS,FAILING_POINTS,0,LARGEST_ERROR,9.92751e-12,SUPPORTED,TRUE,EXCEPTION_MSG,NONE,Time,193
Case_607,PASS,FAILING_POINTS,0,LARGEST_ERROR,7.44338e-11,SUPPORTED,TRUE,EXCEPTION_MSG,NONE,Time,206
Case_608,PASS,FAILING_POINTS,0,LARGEST_ERROR,2.36119e-08,SUPPORTED,TRUE,EXCEPTION_MSG,NONE,Time,289
Case_609,PASS,FAILING_POINTS,0,LARGEST_ERROR,2.75421e-11,SUPPORTED,TRUE,EXCEPTION_MSG,NONE,Time,854
Case_610,PASS,FAILING_POINTS,0,LARGEST_ERROR,9.64427e-12,SUPPORTED,TRUE,EXCEPTION_MSG,NONE,Time,349
Case_611,PASS,FAILING_POINTS,0,LARGEST_ERROR,2.12786e-08,SUPPORTED,TRUE,EXCEPTION_MSG,NONE,Time,255
Case_612,PASS,FAILING_POINTS,0,LARGEST_ERROR,8.88601e-12,SUPPORTED,TRUE,EXCEPTION_MSG,NONE,Time,230
Case_613,FAIL,FAILING_POINTS,0,LARGEST_ERROR,1,SUPPORTED,FALSE,EXCEPTION_MSG,NOT_SUPPORTED,Time,1
Case_614,FAIL,FAILING_POINTS,0,LARGEST_ERROR,1,SUPPORTED,FALSE,EXCEPTION_MSG,NOT_SUPPORTED,Time,0
Case_615,FAIL,FAILING_POINTS,0,LARGEST_ERROR,1,SUPPORTED,FALSE,EXCEPTION_MSG,NOT_SUPPORTED,Time,0
Case_616,PASS,FAILING_POINTS,0,LARGEST_ERROR,2.5e-07,SUPPORTED,TRUE,EXCEPTION_MSG,NONE,Time,273
Case_617,PASS,FAILING_POINTS,0,LARGEST_ERROR,2.5e-07,SUPPORTED,TRUE,EXCEPTION_MSG,NONE,Time,142
Case_618,PASS,FAILING_POINTS,0,LARGEST_ERROR,2.50003e-07,SUPPORTED,TRUE,EXCEPTION_MSG,NONE,Time,164
Case_619,PASS,FAILING_POINTS,0,LARGEST_ERROR,2.80171e-08,SUPPORTED,TRUE,EXCEPTION_MSG,NONE,Time,221
Case_620,PASS,FAILING_POINTS,0,LARGEST_ERROR,6.43812e-08,SUPPORTED,TRUE,EXCEPTION_MSG,NONE,Time,213
Case_621,PASS,FAILING_POINTS,0,LARGEST_ERROR,6.52759e-08,SUPPORTED,TRUE,EXCEPTION_MSG,NONE,Time,275
Case_622,PASS,FAILING_POINTS,0,LARGEST_ERROR,1.62772e-08,SUPPORTED,TRUE,EXCEPTION_MSG,NONE,Time,384
Case_623,PASS,FAILING_POINTS,0,LARGEST_ERROR,6.39757e-08,SUPPORTED,TRUE,EXCEPTION_MSG,NONE,Time,233
Case_624,PASS,FAILING_POINTS,0,LARGEST_ERROR,6.26042e-08,SUPPORTED,TRUE,EXCEPTION_MSG,NONE,Time,229
Case_625,PASS,FAILING_POINTS,0,LARGEST_ERROR,1.10523e-11,SUPPORTED,TRUE,EXCEPTION_MSG,NONE,Time,244
Case_626,PASS,FAILING_POINTS,0,LARGEST_ERROR,8.10341e-12,SUPPORTED,TRUE,EXCEPTION_MSG,NONE,Time,422
Case_627,PASS,FAILING_POINTS,0,LARGEST_ERROR,1.10523e-11,SUPPORTED,TRUE,EXCEPTION_MSG,NONE,Time,1056
Case_628,FAIL,FAILING_POINTS,0,LARGEST_ERROR,1,SUPPORTED,FALSE,EXCEPTION_MSG,NOT_SUPPORTED,Time,0
Case_629,FAIL,FAILING_POINTS,0,LARGEST_ERROR,1,SUPPORTED,FALSE,EXCEPTION_MSG,NOT_SUPPORTED,Time,0
Case_630,FAIL,FAILING_POINTS,0,LARGEST_ERROR,1,SUPPORTED,FALSE,EXCEPTION_MSG,NOT_SUPPORTED,Time,0
Case_631,PASS,FAILING_POINTS,0,LARGEST_ERROR,2.5e-07,SUPPORTED,TRUE,EXCEPTION_MSG,NONE,Time,144
Case_632,PASS,FAILING_POINTS,0,LARGEST_ERROR,2.5e-07,SUPPORTED,TRUE,EXCEPTION_MSG,NONE,Time,579
Case_633,PASS,FAILING_POINTS,0,LARGEST_ERROR,2.50003e-07,SUPPORTED,TRUE,EXCEPTION_MSG,NONE,Time,211
Case_634,PASS,FAILING_POINTS,0,LARGEST_ERROR,2.80171e-08,SUPPORTED,TRUE,EXCEPTION_MSG,NONE,Time,384
Case_635,PASS,FAILING_POINTS,0,LARGEST_ERROR,2.80171e-08,SUPPORTED,TRUE,EXCEPTION_MSG,NONE,Time,271
Case_636,PASS,FAILING_POINTS,0,LARGEST_ERROR,6.52759e-08,SUPPORTED,TRUE,EXCEPTION_MSG,NONE,Time,441
Case_637,PASS,FAILING_POINTS,0,LARGEST_ERROR,1.62772e-08,SUPPORTED,TRUE,EXCEPTION_MSG,NONE,Time,428
Case_638,PASS,FAILING_POINTS,0,LARGEST_ERROR,6.39757e-08,SUPPORTED,TRUE,EXCEPTION_MSG,NONE,Time,288
Case_639,PASS,FAILING_POINTS,0,LARGEST_ERROR,6.26042e-08,SUPPORTED,TRUE,EXCEPTION_MSG,NONE,Time,360
Case_640,PASS,FAILING_POINTS,0,LARGEST_ERROR,4.88976e-06,SUPPORTED,TRUE,EXCEPTION_MSG,NONE,Time,900
Case_641,PASS,FAILING_POINTS,0,LARGEST_ERROR,4.94198e-06,SUPPORTED,TRUE,EXCEPTION_MSG,NONE,Time,183
Case_642,PASS,FAILING_POINTS,0,LARGEST_ERROR,4.88981e-06,SUPPORTED,TRUE,EXCEPTION_MSG,NONE,Time,127
Case_643,PASS,FAILING_POINTS,0,LARGEST_ERROR,1.10523e-11,SUPPORTED,TRUE,EXCEPTION_MSG,NONE,Time,182
Case_644,PASS,FAILING_POINTS,0,LARGEST_ERROR,8.10341e-12,SUPPORTED,TRUE,EXCEPTION_MSG,NONE,Time,366
Case_645,PASS,FAILING_POINTS,0,LARGEST_ERROR,6.76509e-12,SUPPORTED,TRUE,EXCEPTION_MSG,NONE,Time,301
Case_646,PASS,FAILING_POINTS,0,LARGEST_ERROR,3.76262e-08,SUPPORTED,TRUE,EXCEPTION_MSG,NONE,Time,243
Case_647,PASS,FAILING_POINTS,0,LARGEST_ERROR,6.76884e-09,SUPPORTED,TRUE,EXCEPTION_MSG,NONE,Time,216
Case_648,PASS,FAILING_POINTS,0,LARGEST_ERROR,2.11926e-08,SUPPORTED,TRUE,EXCEPTION_MSG,NONE,Time,242
Case_649,PASS,FAILING_POINTS,0,LARGEST_ERROR,3.96521e-08,SUPPORTED,TRUE,EXCEPTION_MSG,NONE,Time,305
Case_650,PASS,FAILING_POINTS,0,LARGEST_ERROR,1.00049e-08,SUPPORTED,TRUE,EXCEPTION_MSG,NONE,Time,483
Case_651,PASS,FAILING_POINTS,0,LARGEST_ERROR,1.45071e-08,SUPPORTED,TRUE,EXCEPTION_MSG,NONE,Time,234
Case_652,PASS,FAILING_POINTS,0,LARGEST_ERROR,1.53364e-11,SUPPORTED,TRUE,EXCEPTION_MSG,NONE,Time,311
Case_653,PASS,FAILING_POINTS,0,LARGEST_ERROR,1.14322e-11,SUPPORTED,TRUE,EXCEPTION_MSG,NONE,Time,690
Case_654,PASS,FAILING_POINTS,0,LARGEST_ERROR,1.04561e-11,SUPPORTED,TRUE,EXCEPTION_MSG,NONE,Time,416
Case_655,PASS,FAILING_POINTS,0,LARGEST_ERROR,9.7388e-12,SUPPORTED,TRUE,EXCEPTION_MSG,NONE,Time,305
Case_656,PASS,FAILING_POINTS,0,LARGEST_ERROR,8.45506e-12,SUPPORTED,TRUE,EXCEPTION_MSG,NONE,Time,243
Case_657,PASS,FAILING_POINTS,0,LARGEST_ERROR,7.62755e-12,SUPPORTED,TRUE,EXCEPTION_MSG,NONE,Time,538
Case_658,FAIL,FAILING_POINTS,0,LARGEST_ERROR,1,SUPPORTED,FALSE,EXCEPTION_MSG,NOT_SUPPORTED,Time,0
Case_659,FAIL,FAILING_POINTS,0,LARGEST_ERROR,1,SUPPORTED,FALSE,EXCEPTION_MSG,NOT_SUPPORTED,Time,0
Case_660,FAIL,FAILING_POINTS,0,LARGEST_ERROR,1,SUPPORTED,FALSE,EXCEPTION_MSG,NOT_SUPPORTED,Time,0
Case_661,FAIL,FAILING_POINTS,0,LARGEST_ERROR,1,SUPPORTED,FALSE,EXCEPTION_MSG,NOT_SUPPORTED,Time,0
Case_662,FAIL,FAILING_POINTS,0,LARGEST_ERROR,1,SUPPORTED,FALSE,EXCEPTION_MSG,NOT_SUPPORTED,Time,0
Case_663,FAIL,FAILING_POINTS,0,LARGEST_ERROR,1,SUPPORTED,FALSE,EXCEPTION_MSG,NOT_SUPPORTED,Time,0
Case_664,FAIL,FAILING_POINTS,0,LARGEST_ERROR,1,SUPPORTED,FALSE,EXCEPTION_MSG,NOT_SUPPORTED,Time,0
Case_665,FAIL,FAILING_POINTS,0,LARGEST_ERROR,1,SUPPORTED,FALSE,EXCEPTION_MSG,NOT_SUPPORTED,Time,0
Case_666,FAIL,FAILING_POINTS,0,LARGEST_ERROR,1,SUPPORTED,FALSE,EXCEPTION_MSG,NOT_SUPPORTED,Time,0
Case_667,PASS,FAILING_POINTS,0,LARGEST_ERROR,2.01985e-07,SUPPORTED,TRUE,EXCEPTION_MSG,NONE,Time,302
Case_668,PASS,FAILING_POINTS,0,LARGEST_ERROR,1.67458e-09,SUPPORTED,TRUE,EXCEPTION_MSG,NONE,Time,267
Case_669,PASS,FAILING_POINTS,0,LARGEST_ERROR,1.68033e-08,SUPPORTED,TRUE,EXCEPTION_MSG,NONE,Time,505
Case_670,PASS,FAILING_POINTS,0,LARGEST_ERROR,8.5024e-12,SUPPORTED,TRUE,EXCEPTION_MSG,NONE,Time,476
Case_671,PASS,FAILING_POINTS,0,LARGEST_ERROR,8.1074e-12,SUPPORTED,TRUE,EXCEPTION_MSG,NONE,Time,291
Case_672,PASS,FAILING_POINTS,0,LARGEST_ERROR,1.10799e-11,SUPPORTED,TRUE,EXCEPTION_MSG,NONE,Time,198
Case_673,FAIL,FAILING_POINTS,0,LARGEST_ERROR,1,SUPPORTED,FALSE,EXCEPTION_MSG,NOT_SUPPORTED,Time,0
Case_674,FAIL,FAILING_POINTS,0,LARGEST_ERROR,1,SUPPORTED,FALSE,EXCEPTION_MSG,NOT_SUPPORTED,Time,0
Case_675,FAIL,FAILING_POINTS,0,LARGEST_ERROR,1,SUPPORTED,FALSE,EXCEPTION_MSG,NOT_SUPPORTED,Time,0
Case_676,PASS,FAILING_POINTS,0,LARGEST_ERROR,6.25e-07,SUPPORTED,TRUE,EXCEPTION_MSG,NONE,Time,939
Case_677,PASS,FAILING_POINTS,0,LARGEST_ERROR,1.175e-07,SUPPORTED,TRUE,EXCEPTION_MSG,NONE,Time,332
Case_678,PASS,FAILING_POINTS,0,LARGEST_ERROR,1.65e-06,SUPPORTED,TRUE,EXCEPTION_MSG,NONE,Time,149
Case_679,PASS,FAILING_POINTS,0,LARGEST_ERROR,8.58409e-08,SUPPORTED,TRUE,EXCEPTION_MSG,NONE,Time,354
Case_680,PASS,FAILING_POINTS,0,LARGEST_ERROR,1.06664e-07,SUPPORTED,TRUE,EXCEPTION_MSG,NONE,Time,301
Case_681,PASS,FAILING_POINTS,0,LARGEST_ERROR,1.72611e-07,SUPPORTED,TRUE,EXCEPTION_MSG,NONE,Time,294
Case_682,PASS,FAILING_POINTS,0,LARGEST_ERROR,3.68881e-05,SUPPORTED,TRUE,EXCEPTION_MSG,NONE,Time,308
Case_683,PASS,FAILING_POINTS,0,LARGEST_ERROR,8.69865e-07,SUPPORTED,TRUE,EXCEPTION_MSG,NONE,Time,228
Case_684,PASS,FAILING_POINTS,0,LARGEST_ERROR,2.1958e-05,SUPPORTED,TRUE,EXCEPTION_MSG,NONE,Time,715
Case_685,PASS,FAILING_POINTS,0,LARGEST_ERROR,1.05251e-08,SUPPORTED,TRUE,EXCEPTION_MSG,NONE,Time,280
Case_686,PASS,FAILING_POINTS,0,LARGEST_ERROR,5.30549e-12,SUPPORTED,TRUE,EXCEPTION_MSG,NONE,Time,178
Case_687,FAIL,FAILING_POINTS,0,LARGEST_ERROR,1,SUPPORTED,FALSE,EXCEPTION_MSG,NOT_SUPPORTED,Time,0
Case_688,PASS,FAILING_POINTS,0,LARGEST_ERROR,2.5e-07,SUPPORTED,TRUE,EXCEPTION_MSG,NONE,Time,149
Case_689,PASS,FAILING_POINTS,0,LARGEST_ERROR,2.80221e-08,SUPPORTED,TRUE,EXCEPTION_MSG,NONE,Time,745
Case_690,PASS,FAILING_POINTS,0,LARGEST_ERROR,2.3377e-08,SUPPORTED,TRUE,EXCEPTION_MSG,NONE,Time,406
Case_691,PASS,FAILING_POINTS,0,LARGEST_ERROR,2.4869e-14,SUPPORTED,TRUE,EXCEPTION_MSG,NONE,Time,243
Case_692,PASS,FAILING_POINTS,0,LARGEST_ERROR,1.03994e-08,SUPPORTED,TRUE,EXCEPTION_MSG,NONE,Time,415
Case_693,PASS,FAILING_POINTS,0,LARGEST_ERROR,6.58997e-12,SUPPORTED,TRUE,EXCEPTION_MSG,NONE,Time,329
Case_694,PASS,FAILING_POINTS,0,LARGEST_ERROR,9.04033e-12,SUPPORTED,TRUE,EXCEPTION_MSG,NONE,Time,171
Case_695,FAIL,FAILING_POINTS,0,LARGEST_ERROR,1,SUPPORTED,FALSE,EXCEPTION_MSG,NOT_SUPPORTED,Time,0
Case_696,FAIL,FAILING_POINTS,0,LARGEST_ERROR,1,SUPPORTED,FALSE,EXCEPTION_MSG,NOT_SUPPORTED,Time,0
Case_697,PASS,FAILING_POINTS,0,LARGEST_ERROR,9.375e-07,SUPPORTED,TRUE,EXCEPTION_MSG,NONE,Time,338
Case_698,PASS,FAILING_POINTS,0,LARGEST_ERROR,2.5e-07,SUPPORTED,TRUE,EXCEPTION_MSG,NONE,Time,321
Case_699,PASS,FAILING_POINTS,0,LARGEST_ERROR,1.06581e-14,SUPPORTED,TRUE,EXCEPTION_MSG,NONE,Time,384
Case_700,PASS,FAILING_POINTS,0,LARGEST_ERROR,2.80184e-08,SUPPORTED,TRUE,EXCEPTION_MSG,NONE,Time,139
Case_701,PASS,FAILING_POINTS,0,LARGEST_ERROR,1.06581e-14,SUPPORTED,TRUE,EXCEPTION_MSG,NONE,Time,365
Case_702,PASS,FAILING_POINTS,0,LARGEST_ERROR,1.62903e-08,SUPPORTED,TRUE,EXCEPTION_MSG,NONE,Time,228
Case_703,PASS,FAILING_POINTS,0,LARGEST_ERROR,7.01923e-12,SUPPORTED,TRUE,EXCEPTION_MSG,NONE,Time,520
Case_704,PASS,FAILING_POINTS,0,LARGEST_ERROR,1.10523e-11,SUPPORTED,TRUE,EXCEPTION_MSG,NONE,Time,248
Case_705,FAIL,FAILING_POINTS,0,LARGEST_ERROR,1,SUPPORTED,FALSE,EXCEPTION_MSG,NOT_SUPPORTED,Time,0
Case_706,PASS,FAILING_POINTS,0,LARGEST_ERROR,2.5e-07,SUPPORTED,TRUE,EXCEPTION_MSG,NONE,Time,175
Case_707,PASS,FAILING_POINTS,0,LARGEST_ERROR,6.43812e-08,SUPPORTED,TRUE,EXCEPTION_MSG,NONE,Time,165
Case_708,PASS,FAILING_POINTS,0,LARGEST_ERROR,6.26042e-08,SUPPORTED,TRUE,EXCEPTION_MSG,NONE,Time,622
Case_709,PASS,FAILING_POINTS,0,LARGEST_ERROR,4.88657e-06,SUPPORTED,TRUE,EXCEPTION_MSG,NONE,Time,293
Case_710,PASS,FAILING_POINTS,0,LARGEST_ERROR,4.94198e-06,SUPPORTED,TRUE,EXCEPTION_MSG,NONE,Time,215
Case_711,PASS,FAILING_POINTS,0,LARGEST_ERROR,1.65965e-11,SUPPORTED,TRUE,EXCEPTION_MSG,NONE,Time,254
Case_712,PASS,FAILING_POINTS,0,LARGEST_ERROR,1.71847e-08,SUPPORTED,TRUE,EXCEPTION_MSG,NONE,Time,457
Case_713,PASS,FAILING_POINTS,0,LARGEST_ERROR,4.98569e-12,SUPPORTED,TRUE,EXCEPTION_MSG,NONE,Time,480
Case_714,PASS,FAILING_POINTS,0,LARGEST_ERROR,8.49401e-08,SUPPORTED,TRUE,EXCEPTION_MSG,NONE,Time,220
Case_715,PASS,FAILING_POINTS,0,LARGEST_ERROR,1.54869e-11,SUPPORTED,TRUE,EXCEPTION_MSG,NONE,Time,217
Case_716,PASS,FAILING_POINTS,0,LARGEST_ERROR,5.68087e-12,SUPPORTED,TRUE,EXCEPTION_MSG,NONE,Time,490
Case_717,PASS,FAILING_POINTS,0,LARGEST_ERROR,3.30272e-08,SUPPORTED,TRUE,EXCEPTION_MSG,NONE,Time,351
Case_718,PASS,FAILING_POINTS,0,LARGEST_ERROR,1.0669e-11,SUPPORTED,TRUE,EXCEPTION_MSG,NONE,Time,310
Case_719,PASS,FAILING_POINTS,0,LARGEST_ERROR,8.03156e-08,SUPPORTED,TRUE,EXCEPTION_MSG,NONE,Time,288
Case_720,PASS,FAILING_POINTS,0,LARGEST_ERROR,9.83551e-12,SUPPORTED,TRUE,EXCEPTION_MSG,NONE,Time,531
Case_721,PASS,FAILING_POINTS,0,LARGEST_ERROR,7.17182e-12,SUPPORTED,TRUE,EXCEPTION_MSG,NONE,Time,264
Case_722,PASS,FAILING_POINTS,0,LARGEST_ERROR,4.51591e-08,SUPPORTED,TRUE,EXCEPTION_MSG,NONE,Time,262
Case_723,PASS,FAILING_POINTS,0,LARGEST_ERROR,7.10404e-08,SUPPORTED,TRUE,EXCEPTION_MSG,NONE,Time,145
Case_724,PASS,FAILING_POINTS,0,LARGEST_ERROR,2.23374e-08,SUPPORTED,TRUE,EXCEPTION_MSG,NONE,Time,183
Case_725,PASS,FAILING_POINTS,0,LARGEST_ERROR,5.86866e-11,SUPPORTED,TRUE,EXCEPTION_MSG,NONE,Time,658
Case_726,PASS,FAILING_POINTS,0,LARGEST_ERROR,1.17847e-07,SUPPORTED,TRUE,EXCEPTION_MSG,NONE,Time,261
Case_727,PASS,FAILING_POINTS,0,LARGEST_ERROR,6.70557e-12,SUPPORTED,TRUE,EXCEPTION_MSG,NONE,Time,288
Case_728,PASS,FAILING_POINTS,0,LARGEST_ERROR,1.10523e-11,SUPPORTED,TRUE,EXCEPTION_MSG,NONE,Time,227
Case_729,PASS,FAILING_POINTS,0,LARGEST_ERROR,1.20051e-07,SUPPORTED,TRUE,EXCEPTION_MSG,NONE,Time,453
Case_730,PASS,FAILING_POINTS,0,LARGEST_ERROR,1.45071e-08,SUPPORTED,TRUE,EXCEPTION_MSG,NONE,Time,322
Case_731,PASS,FAILING_POINTS,0,LARGEST_ERROR,1.00049e-08,SUPPORTED,TRUE,EXCEPTION_MSG,NONE,Time,342
Case_732,PASS,FAILING_POINTS,0,LARGEST_ERROR,1.743e-08,SUPPORTED,TRUE,EXCEPTION_MSG,NONE,Time,132
Case_733,PASS,FAILING_POINTS,0,LARGEST_ERROR,6.81326e-12,SUPPORTED,TRUE,EXCEPTION_MSG,NONE,Time,174
Case_734,PASS,FAILING_POINTS,0,LARGEST_ERROR,1.08489e-11,SUPPORTED,TRUE,EXCEPTION_MSG,NONE,Time,190
Case_735,PASS,FAILING_POINTS,0,LARGEST_ERROR,1.5795e-08,SUPPORTED,TRUE,EXCEPTION_MSG,NONE,Time,358
Case_736,PASS,FAILING_POINTS,0,LARGEST_ERROR,3.20378e-08,SUPPORTED,TRUE,EXCEPTION_MSG,NONE,Time,231
Case_737,PASS,FAILING_POINTS,0,LARGEST_ERROR,2.44073e-08,SUPPORTED,TRUE,EXCEPTION_MSG,NONE,Time,222
Case_738,PASS,FAILING_POINTS,0,LARGEST_ERROR,3.5624e-11,SUPPORTED,TRUE,EXCEPTION_MSG,NONE,Time,281
Case_739,PASS,FAILING_POINTS,0,LARGEST_ERROR,1.9435e-11,SUPPORTED,TRUE,EXCEPTION_MSG,NONE,Time,303
Case_740,PASS,FAILING_POINTS,0,LARGEST_ERROR,9.75514e-12,SUPPORTED,TRUE,EXCEPTION_MSG,NONE,Time,834
Case_741,PASS,FAILING_POINTS,0,LARGEST_ERROR,2.88098e-11,SUPPORTED,TRUE,EXCEPTION_MSG,NONE,Time,293
Case_742,PASS,FAILING_POINTS,0,LARGEST_ERROR,3.67663e-09,SUPPORTED,TRUE,EXCEPTION_MSG,NONE,Time,239
Case_743,PASS,FAILING_POINTS,0,LARGEST_ERROR,2.34129e-08,SUPPORTED,TRUE,EXCEPTION_MSG,NONE,Time,218
Case_744,PASS,FAILING_POINTS,0,LARGEST_ERROR,1.10507e-07,SUPPORTED,TRUE,EXCEPTION_MSG,NONE,Time,300
Case_745,PASS,FAILING_POINTS,0,LARGEST_ERROR,9.2397e-08,SUPPORTED,TRUE,EXCEPTION_MSG,NONE,Time,179
Case_746,PASS,FAILING_POINTS,0,LARGEST_ERROR,1.59164e-09,SUPPORTED,TRUE,EXCEPTION_MSG,NONE,Time,174
Case_747,PASS,FAILING_POINTS,0,LARGEST_ERROR,2.16626e-10,SUPPORTED,TRUE,EXCEPTION_MSG,NONE,Time,163
Case_748,PASS,FAILING_POINTS,0,LARGEST_ERROR,9.11624e-08,SUPPORTED,TRUE,EXCEPTION_MSG,NONE,Time,180
Case_749,PASS,FAILING_POINTS,0,LARGEST_ERROR,6.43809e-08,SUPPORTED,TRUE,EXCEPTION_MSG,NONE,Time,182
Case_750,PASS,FAILING_POINTS,0,LARGEST_ERROR,6.52692e-08,SUPPORTED,TRUE,EXCEPTION_MSG,NONE,Time,385
Case_751,PASS,FAILING_POINTS,0,LARGEST_ERROR,7.08195e-09,SUPPORTED,TRUE,EXCEPTION_MSG,NONE,Time,546
Case_752,PASS,FAILING_POINTS,0,LARGEST_ERROR,2.7928e-08,SUPPORTED,TRUE,EXCEPTION_MSG,NONE,Time,326
Case_753,PASS,FAILING_POINTS,0,LARGEST_ERROR,1.54798e-08,SUPPORTED,TRUE,EXCEPTION_MSG,NONE,Time,266
Case_754,PASS,FAILING_POINTS,0,LARGEST_ERROR,4.95218e-09,SUPPORTED,TRUE,EXCEPTION_MSG,NONE,Time,481
Case_755,PASS,FAILING_POINTS,0,LARGEST_ERROR,4.95218e-09,SUPPORTED,TRUE,EXCEPTION_MSG,NONE,Time,289
Case_756,PASS,FAILING_POINTS,0,LARGEST_ERROR,4.95218e-09,SUPPORTED,TRUE,EXCEPTION_MSG,NONE,Time,229
Case_757,PASS,FAILING_POINTS,0,LARGEST_ERROR,2.67059e-08,SUPPORTED,TRUE,EXCEPTION_MSG,NONE,Time,177
Case_758,PASS,FAILING_POINTS,0,LARGEST_ERROR,2.67059e-08,SUPPORTED,TRUE,EXCEPTION_MSG,NONE,Time,187
Case_759,PASS,FAILING_POINTS,0,LARGEST_ERROR,2.66868e-08,SUPPORTED,TRUE,EXCEPTION_MSG,NONE,Time,544
Case_760,FAIL,FAILING_POINTS,0,LARGEST_ERROR,1,SUPPORTED,FALSE,EXCEPTION_MSG,NOT_SUPPORTED,Time,0
Case_761,FAIL,FAILING_POINTS,0,LARGEST_ERROR,1,SUPPORTED,FALSE,EXCEPTION_MSG,NOT_SUPPORTED,Time,1
Case_762,FAIL,FAILING_POINTS,0,LARGEST_ERROR,1,SUPPORTED,FALSE,EXCEPTION_MSG,NOT_SUPPORTED,Time,0
Case_763,PASS,FAILING_POINTS,0,LARGEST_ERROR,1.18305e-08,SUPPORTED,TRUE,EXCEPTION_MSG,NONE,Time,318
Case_764,PASS,FAILING_POINTS,0,LARGEST_ERROR,2.13452e-08,SUPPORTED,TRUE,EXCEPTION_MSG,NONE,Time,288
Case_765,PASS,FAILING_POINTS,0,LARGEST_ERROR,1.05375e-07,SUPPORTED,TRUE,EXCEPTION_MSG,NONE,Time,301
Case_766,PASS,FAILING_POINTS,0,LARGEST_ERROR,2.94124e-10,SUPPORTED,TRUE,EXCEPTION_MSG,NONE,Time,756
Case_767,PASS,FAILING_POINTS,0,LARGEST_ERROR,5.49667e-09,SUPPORTED,TRUE,EXCEPTION_MSG,NONE,Time,291
Case_768,PASS,FAILING_POINTS,0,LARGEST_ERROR,3.84074e-11,SUPPORTED,TRUE,EXCEPTION_MSG,NONE,Time,306
Case_769,PASS,FAILING_POINTS,0,LARGEST_ERROR,6.39839e-08,SUPPORTED,TRUE,EXCEPTION_MSG,NONE,Time,419
Case_770,PASS,FAILING_POINTS,0,LARGEST_ERROR,6.26193e-08,SUPPORTED,TRUE,EXCEPTION_MSG,NONE,Time,562
Case_771,PASS,FAILING_POINTS,0,LARGEST_ERROR,1.26361e-08,SUPPORTED,TRUE,EXCEPTION_MSG,NONE,Time,226
Case_772,PASS,FAILING_POINTS,0,LARGEST_ERROR,1.26361e-08,SUPPORTED,TRUE,EXCEPTION_MSG,NONE,Time,177
Case_773,PASS,FAILING_POINTS,0,LARGEST_ERROR,1.13642e-08,SUPPORTED,TRUE,EXCEPTION_MSG,NONE,Time,369
Case_774,PASS,FAILING_POINTS,0,LARGEST_ERROR,9.04313e-08,SUPPORTED,TRUE,EXCEPTION_MSG,NONE,Time,794
Case_775,PASS,FAILING_POINTS,0,LARGEST_ERROR,5.66702e-10,SUPPORTED,TRUE,EXCEPTION_MSG,NONE,Time,442
Case_776,PASS,FAILING_POINTS,0,LARGEST_ERROR,1.22993e-07,SUPPORTED,TRUE,EXCEPTION_MSG,NONE,Time,333
Case_777,FAIL,FAILING_POINTS,0,LARGEST_ERROR,1,SUPPORTED,FALSE,EXCEPTION_MSG,NOT_SUPPORTED,Time,0
Case_778,FAIL,FAILING_POINTS,0,LARGEST_ERROR,1,SUPPORTED,FALSE,EXCEPTION_MSG,NOT_SUPPORTED,Time,0
Case_779,FAIL,FAILING_POINTS,0,LARGEST_ERROR,1,SUPPORTED,FALSE,EXCEPTION_MSG,NOT_SUPPORTED,Time,0
Case_780,FAIL,FAILING_POINTS,0,LARGEST_ERROR,1,SUPPORTED,FALSE,EXCEPTION_MSG,NOT_SUPPORTED,Time,1
Case_781,PASS,FAILING_POINTS,0,LARGEST_ERROR,1.94849e-08,SUPPORTED,TRUE,EXCEPTION_MSG,NONE,Time,442
Case_782,PASS,FAILING_POINTS,0,LARGEST_ERROR,9.13992e-08,SUPPORTED,TRUE,EXCEPTION_MSG,NONE,Time,218
Case_783,PASS,FAILING_POINTS,0,LARGEST_ERROR,8.17038e-09,SUPPORTED,TRUE,EXCEPTION_MSG,NONE,Time,261
Case_784,PASS,FAILING_POINTS,0,LARGEST_ERROR,1.04685e-10,SUPPORTED,TRUE,EXCEPTION_MSG,NONE,Time,193
Case_785,PASS,FAILING_POINTS,0,LARGEST_ERROR,3.04457e-11,SUPPORTED,TRUE,EXCEPTION_MSG,NONE,Time,380
Case_786,PASS,FAILING_POINTS,0,LARGEST_ERROR,8.09094e-10,SUPPORTED,TRUE,EXCEPTION_MSG,NONE,Time,408
Case_787,PASS,FAILING_POINTS,0,LARGEST_ERROR,2.5e-07,SUPPORTED,TRUE,EXCEPTION_MSG,NONE,Time,402
Case_788,PASS,FAILING_POINTS,0,LARGEST_ERROR,2.5e-07,SUPPORTED,TRUE,EXCEPTION_MSG,NONE,Time,378
Case_789,PASS,FAILING_POINTS,0,LARGEST_ERROR,2.55229e-08,SUPPORTED,TRUE,EXCEPTION_MSG,NONE,Time,677
Case_790,PASS,FAILING_POINTS,0,LARGEST_ERROR,2.55229e-08,SUPPORTED,TRUE,EXCEPTION_MSG,NONE,Time,307
Case_791,PASS,FAILING_POINTS,0,LARGEST_ERROR,1.83693e-08,SUPPORTED,TRUE,EXCEPTION_MSG,NONE,Time,222
Case_792,PASS,FAILING_POINTS,0,LARGEST_ERROR,1.95058e-08,SUPPORTED,TRUE,EXCEPTION_MSG,NONE,Time,213
Case_793,PASS,FAILING_POINTS,0,LARGEST_ERROR,8.2018e-09,SUPPORTED,TRUE,EXCEPTION_MSG,NONE,Time,232
Case_794,PASS,FAILING_POINTS,0,LARGEST_ERROR,9.14184e-08,SUPPORTED,TRUE,EXCEPTION_MSG,NONE,Time,902
Case_795,PASS,FAILING_POINTS,0,LARGEST_ERROR,9.14184e-08,SUPPORTED,TRUE,EXCEPTION_MSG,NONE,Time,167
Case_796,PASS,FAILING_POINTS,0,LARGEST_ERROR,1.95058e-08,SUPPORTED,TRUE,EXCEPTION_MSG,NONE,Time,138
Case_797,PASS,FAILING_POINTS,0,LARGEST_ERROR,1.71899e-10,SUPPORTED,TRUE,EXCEPTION_MSG,NONE,Time,157
Case_798,PASS,FAILING_POINTS,0,LARGEST_ERROR,1.30243e-11,SUPPORTED,TRUE,EXCEPTION_MSG,NONE,Time,698
Case_799,PASS,FAILING_POINTS,0,LARGEST_ERROR,2.05052e-11,SUPPORTED,TRUE,EXCEPTION_MSG,NONE,Time,647
Case_800,PASS,FAILING_POINTS,0,LARGEST_ERROR,8.78538e-10,SUPPORTED,TRUE,EXCEPTION_MSG,NONE,Time,221
Case_801,PASS,FAILING_POINTS,0,LARGEST_ERROR,1.77636e-15,SUPPORTED,TRUE,EXCEPTION_MSG,NONE,Time,442
Case_802,PASS,FAILING_POINTS,0,LARGEST_ERROR,4.816e-07,SUPPORTED,TRUE,EXCEPTION_MSG,NONE,Time,275
Case_803,PASS,FAILING_POINTS,0,LARGEST_ERROR,4.81988e-07,SUPPORTED,TRUE,EXCEPTION_MSG,NONE,Time,249
Case_804,PASS,FAILING_POINTS,0,LARGEST_ERROR,2.13587e-09,SUPPORTED,TRUE,EXCEPTION_MSG,NONE,Time,186
Case_805,PASS,FAILING_POINTS,0,LARGEST_ERROR,4.94811e-07,SUPPORTED,TRUE,EXCEPTION_MSG,NONE,Time,194
Case_806,PASS,FAILING_POINTS,0,LARGEST_ERROR,1.2452e-09,SUPPORTED,TRUE,EXCEPTION_MSG,NONE,Time,156
Case_807,PASS,FAILING_POINTS,0,LARGEST_ERROR,7.93423e-10,SUPPORTED,TRUE,EXCEPTION_MSG,NONE,Time,382
Case_808,PASS,FAILING_POINTS,0,LARGEST_ERROR,8.0909e-10,SUPPORTED,TRUE,EXCEPTION_MSG,NONE,Time,131
Case_809,PASS,FAILING_POINTS,0,LARGEST_ERROR,2.86929e-08,SUPPORTED,TRUE,EXCEPTION_MSG,NONE,Time,230
Case_810,PASS,FAILING_POINTS,0,LARGEST_ERROR,1.73113e-09,SUPPORTED,TRUE,EXCEPTION_MSG,NONE,Time,284
Case_811,PASS,FAILING_POINTS,0,LARGEST_ERROR,4.58107e-09,SUPPORTED,TRUE,EXCEPTION_MSG,NONE,Time,238
Case_812,PASS,FAILING_POINTS,0,LARGEST_ERROR,8.25652e-08,SUPPORTED,TRUE,EXCEPTION_MSG,NONE,Time,705
Case_813,PASS,FAILING_POINTS,0,LARGEST_ERROR,2.75344e-08,SUPPORTED,TRUE,EXCEPTION_MSG,NONE,Time,342
Case_814,PASS,FAILING_POINTS,0,LARGEST_ERROR,7.24211e-08,SUPPORTED,TRUE,EXCEPTION_MSG,NONE,Time,211
Case_815,PASS,FAILING_POINTS,0,LARGEST_ERROR,2.27727e-08,SUPPORTED,TRUE,EXCEPTION_MSG,NONE,Time,245
Case_816,PASS,FAILING_POINTS,0,LARGEST_ERROR,1.72122e-09,SUPPORTED,TRUE,EXCEPTION_MSG,NONE,Time,476
Case_817,PASS,FAILING_POINTS,0,LARGEST_ERROR,9.63583e-09,SUPPORTED,TRUE,EXCEPTION_MSG,NONE,Time,260
Case_818,PASS,FAILING_POINTS,0,LARGEST_ERROR,7.11461e-09,SUPPORTED,TRUE,EXCEPTION_MSG,NONE,Time,227
Case_819,PASS,FAILING_POINTS,0,LARGEST_ERROR,1.08916e-08,SUPPORTED,TRUE,EXCEPTION_MSG,NONE,Time,203
Case_820,PASS,FAILING_POINTS,0,LARGEST_ERROR,2.20362e-08,SUPPORTED,TRUE,EXCEPTION_MSG,NONE,Time,270
Case_821,PASS,FAILING_POINTS,0,LARGEST_ERROR,1.15974e-08,SUPPORTED,TRUE,EXCEPTION_MSG,NONE,Time,276
Case_822,PASS,FAILING_POINTS,0,LARGEST_ERROR,2.09144e-09,SUPPORTED,TRUE,EXCEPTION_MSG,NONE,Time,407
Case_823,PASS,FAILING_POINTS,0,LARGEST_ERROR,2.06828e-08,SUPPORTED,TRUE,EXCEPTION_MSG,NONE,Time,182
Case_824,PASS,FAILING_POINTS,0,LARGEST_ERROR,5.3436e-08,SUPPORTED,TRUE,EXCEPTION_MSG,NONE,Time,167
Case_825,PASS,FAILING_POINTS,0,LARGEST_ERROR,2.46497e-09,SUPPORTED,TRUE,EXCEPTION_MSG,NONE,Time,196
Case_826,PASS,FAILING_POINTS,0,LARGEST_ERROR,1.25008e-08,SUPPORTED,TRUE,EXCEPTION_MSG,NONE,Time,247
Case_827,PASS,FAILING_POINTS,0,LARGEST_ERROR,4.58999e-08,SUPPORTED,TRUE,EXCEPTION_MSG,NONE,Time,621
Case_828,PASS,FAILING_POINTS,0,LARGEST_ERROR,2.45988e-09,SUPPORTED,TRUE,EXCEPTION_MSG,NONE,Time,265
Case_829,PASS,FAILING_POINTS,0,LARGEST_ERROR,1.30578e-08,SUPPORTED,TRUE,EXCEPTION_MSG,NONE,Time,316
Case_830,PASS,FAILING_POINTS,0,LARGEST_ERROR,3.18419e-08,SUPPORTED,TRUE,EXCEPTION_MSG,NONE,Time,251
Case_831,PASS,FAILING_POINTS,0,LARGEST_ERROR,2.73001e-08,SUPPORTED,TRUE,EXCEPTION_MSG,NONE,Time,651
Case_832,PASS,FAILING_POINTS,0,LARGEST_ERROR,1.74752e-08,SUPPORTED,TRUE,EXCEPTION_MSG,NONE,Time,254
Case_833,PASS,FAILING_POINTS,0,LARGEST_ERROR,1.71294e-09,SUPPORTED,TRUE,EXCEPTION_MSG,NONE,Time,176
Case_834,PASS,FAILING_POINTS,0,LARGEST_ERROR,8.10033e-09,SUPPORTED,TRUE,EXCEPTION_MSG,NONE,Time,234
Case_835,PASS,FAILING_POINTS,0,LARGEST_ERROR,1.73242e-09,SUPPORTED,TRUE,EXCEPTION_MSG,NONE,Time,220
Case_836,PASS,FAILING_POINTS,0,LARGEST_ERROR,1.72048e-09,SUPPORTED,TRUE,EXCEPTION_MSG,NONE,Time,838
Case_837,PASS,FAILING_POINTS,0,LARGEST_ERROR,1.73113e-09,SUPPORTED,TRUE,EXCEPTION_MSG,NONE,Time,853
Case_838,PASS,FAILING_POINTS,0,LARGEST_ERROR,9.54284e-09,SUPPORTED,TRUE,EXCEPTION_MSG,NONE,Time,458
Case_839,PASS,FAILING_POINTS,0,LARGEST_ERROR,9.55486e-09,SUPPORTED,TRUE,EXCEPTION_MSG,NONE,Time,587
Case_840,PASS,FAILING_POINTS,0,LARGEST_ERROR,4.58332e-09,SUPPORTED,TRUE,EXCEPTION_MSG,NONE,Time,278
Case_841,PASS,FAILING_POINTS,0,LARGEST_ERROR,4.56918e-09,SUPPORTED,TRUE,EXCEPTION_MSG,NONE,Time,212
Case_842,PASS,FAILING_POINTS,0,LARGEST_ERROR,4.56472e-09,SUPPORTED,TRUE,EXCEPTION_MSG,NONE,Time,130
Case_843,PASS,FAILING_POINTS,0,LARGEST_ERROR,4.61119e-09,SUPPORTED,TRUE,EXCEPTION_MSG,NONE,Time,226
Case_844,FAIL,FAILING_POINTS,0,LARGEST_ERROR,1,SUPPORTED,FALSE,EXCEPTION_MSG,NOT_SUPPORTED,Time,0
Case_845,PASS,FAILING_POINTS,0,LARGEST_ERROR,4.76907e-08,SUPPORTED,TRUE,EXCEPTION_MSG,NONE,Time,385
Case_846,PASS,FAILING_POINTS,0,LARGEST_ERROR,2.76664e-08,SUPPORTED,TRUE,EXCEPTION_MSG,NONE,Time,287
Case_847,PASS,FAILING_POINTS,0,LARGEST_ERROR,3.0075e-08,SUPPORTED,TRUE,EXCEPTION_MSG,NONE,Time,167
Case_848,PASS,FAILING_POINTS,0,LARGEST_ERROR,2.86393e-08,SUPPORTED,TRUE,EXCEPTION_MSG,NONE,Time,279
Case_849,PASS,FAILING_POINTS,0,LARGEST_ERROR,5.19826e-06,SUPPORTED,TRUE,EXCEPTION_MSG,NONE,Time,493
Case_850,PASS,FAILING_POINTS,0,LARGEST_ERROR,1.56032e-08,SUPPORTED,TRUE,EXCEPTION_MSG,NONE,Time,850
Case_851,PASS,FAILING_POINTS,0,LARGEST_ERROR,1.75465e-11,SUPPORTED,TRUE,EXCEPTION_MSG,NONE,Time,297
Case_852,PASS,FAILING_POINTS,0,LARGEST_ERROR,1.8661e-11,SUPPORTED,TRUE,EXCEPTION_MSG,NONE,Time,307
Case_853,PASS,FAILING_POINTS,0,LARGEST_ERROR,3.99028e-09,SUPPORTED,TRUE,EXCEPTION_MSG,NONE,Time,480
Case_854,PASS,FAILING_POINTS,0,LARGEST_ERROR,2.27656e-09,SUPPORTED,TRUE,EXCEPTION_MSG,NONE,Time,238
Case_855,PASS,FAILING_POINTS,0,LARGEST_ERROR,1.97823e-11,SUPPORTED,TRUE,EXCEPTION_MSG,NONE,Time,211
Case_856,PASS,FAILING_POINTS,0,LARGEST_ERROR,1.26667e-10,SUPPORTED,TRUE,EXCEPTION_MSG,NONE,Time,351
Case_857,PASS,FAILING_POINTS,0,LARGEST_ERROR,1.52826e-11,SUPPORTED,TRUE,EXCEPTION_MSG,NONE,Time,1040
Case_858,PASS,FAILING_POINTS,0,LARGEST_ERROR,1.92707e-10,SUPPORTED,TRUE,EXCEPTION_MSG,NONE,Time,496
Case_859,PASS,FAILING_POINTS,0,LARGEST_ERROR,1.10761e-07,SUPPORTED,TRUE,EXCEPTION_MSG,NONE,Time,247
Case_860,PASS,FAILING_POINTS,0,LARGEST_ERROR,1.99363e-11,SUPPORTED,TRUE,EXCEPTION_MSG,NONE,Time,586
Case_861,PASS,FAILING_POINTS,0,LARGEST_ERROR,1.31093e-11,SUPPORTED,TRUE,EXCEPTION_MSG,NONE,Time,287
Case_862,PASS,FAILING_POINTS,0,LARGEST_ERROR,6.91353e-09,SUPPORTED,TRUE,EXCEPTION_MSG,NONE,Time,226
Case_863,PASS,FAILING_POINTS,0,LARGEST_ERROR,3.22942e-11,SUPPORTED,TRUE,EXCEPTION_MSG,NONE,Time,154
Case_864,PASS,FAILING_POINTS,0,LARGEST_ERROR,2.94399e-11,SUPPORTED,TRUE,EXCEPTION_MSG,NONE,Time,347
Case_865,PASS,FAILING_POINTS,0,LARGEST_ERROR,7.32789e-11,SUPPORTED,TRUE,EXCEPTION_MSG,NONE,Time,545
Case_866,PASS,FAILING_POINTS,0,LARGEST_ERROR,1.15919e-11,SUPPORTED,TRUE,EXCEPTION_MSG,NONE,Time,206
Case_867,PASS,FAILING_POINTS,0,LARGEST_ERROR,2.5391e-11,SUPPORTED,TRUE,EXCEPTION_MSG,NONE,Time,176
Case_868,PASS,FAILING_POINTS,0,LARGEST_ERROR,1.5024e-08,SUPPORTED,TRUE,EXCEPTION_MSG,NONE,Time,344
Case_869,PASS,FAILING_POINTS,0,LARGEST_ERROR,3.15083e-09,SUPPORTED,TRUE,EXCEPTION_MSG,NONE,Time,482
Case_870,FAIL,FAILING_POINTS,0,LARGEST_ERROR,1,SUPPORTED,FALSE,EXCEPTION_MSG,NOT_SUPPORTED,Time,0
Case_871,FAIL,FAILING_POINTS,0,LARGEST_ERROR,1,SUPPORTED,FALSE,EXCEPTION_MSG,NOT_SUPPORTED,Time,0
Case_872,FAIL,FAILING_POINTS,0,LARGEST_ERROR,1,SUPPORTED,FALSE,EXCEPTION_MSG,NOT_SUPPORTED,Time,0
Case_873,FAIL,FAILING_POINTS,0,LARGEST_ERROR,1,SUPPORTED,FALSE,EXCEPTION_MSG,NOT_SUPPORTED,Time,0
Case_874,FAIL,FAILING_POINTS,0,LARGEST_ERROR,1,SUPPORTED,FALSE,EXCEPTION_MSG,NOT_SUPPORTED,Time,0
Case_875,FAIL,FAILING_POINTS,0,LARGEST_ERROR,1,SUPPORTED,FALSE,EXCEPTION_MSG,NOT_SUPPORTED,Time,0
Case_876,FAIL,FAILING_POINTS,0,LARGEST_ERROR,1,SUPPORTED,FALSE,EXCEPTION_MSG,NOT_SUPPORTED,Time,0
Case_877,PASS,FAILING_POINTS,0,LARGEST_ERROR,3.62884e-11,SUPPORTED,TRUE,EXCEPTION_MSG,NONE,Time,261
Case_878,PASS,FAILING_POINTS,0,LARGEST_ERROR,3.07885e-10,SUPPORTED,TRUE,EXCEPTION_MSG,NONE,Time,582
Case_879,PASS,FAILING_POINTS,0,LARGEST_ERROR,1.28432e-11,SUPPORTED,TRUE,EXCEPTION_MSG,NONE,Time,326
Case_880,PASS,FAILING_POINTS,0,LARGEST_ERROR,1.89462e-08,SUPPORTED,TRUE,EXCEPTION_MSG,NONE,Time,279
Case_881,PASS,FAILING_POINTS,0,LARGEST_ERROR,3.47706e-08,SUPPORTED,TRUE,EXCEPTION_MSG,NONE,Time,206
Case_882,PASS,FAILING_POINTS,0,LARGEST_ERROR,6.61871e-11,SUPPORTED,TRUE,EXCEPTION_MSG,NONE,Time,191
Case_883,PASS,FAILING_POINTS,0,LARGEST_ERROR,7.06849e-09,SUPPORTED,TRUE,EXCEPTION_MSG,NONE,Time,486
Case_884,PASS,FAILING_POINTS,0,LARGEST_ERROR,1.68008e-07,SUPPORTED,TRUE,EXCEPTION_MSG,NONE,Time,243
Case_885,PASS,FAILING_POINTS,0,LARGEST_ERROR,1.25679e-09,SUPPORTED,TRUE,EXCEPTION_MSG,NONE,Time,156
Case_886,PASS,FAILING_POINTS,0,LARGEST_ERROR,4.97553e-09,SUPPORTED,TRUE,EXCEPTION_MSG,NONE,Time,302
Case_887,PASS,FAILING_POINTS,0,LARGEST_ERROR,0.000387043,SUPPORTED,TRUE,EXCEPTION_MSG,NONE,Time,180
Case_888,PASS,FAILING_POINTS,0,LARGEST_ERROR,3.9628e-08,SUPPORTED,TRUE,EXCEPTION_MSG,NONE,Time,551
Case_889,PASS,FAILING_POINTS,0,LARGEST_ERROR,1.01118e-11,SUPPORTED,TRUE,EXCEPTION_MSG,NONE,Time,262
Case_890,PASS,FAILING_POINTS,0,LARGEST_ERROR,3.34747e-08,SUPPORTED,TRUE,EXCEPTION_MSG,NONE,Time,254
Case_891,PASS,FAILING_POINTS,0,LARGEST_ERROR,1.75465e-11,SUPPORTED,TRUE,EXCEPTION_MSG,NONE,Time,251
Case_892,PASS,FAILING_POINTS,0,LARGEST_ERROR,8.27063e-11,SUPPORTED,TRUE,EXCEPTION_MSG,NONE,Time,400
Case_893,PASS,FAILING_POINTS,0,LARGEST_ERROR,1.95627e-10,SUPPORTED,TRUE,EXCEPTION_MSG,NONE,Time,327
Case_894,PASS,FAILING_POINTS,0,LARGEST_ERROR,8.72477e-09,SUPPORTED,TRUE,EXCEPTION_MSG,NONE,Time,232
Case_895,PASS,FAILING_POINTS,0,LARGEST_ERROR,3.27202e-11,SUPPORTED,TRUE,EXCEPTION_MSG,NONE,Time,223
Case_896,PASS,FAILING_POINTS,0,LARGEST_ERROR,3.99028e-09,SUPPORTED,TRUE,EXCEPTION_MSG,NONE,Time,158
Case_897,PASS,FAILING_POINTS,0,LARGEST_ERROR,2.78305e-11,SUPPORTED,TRUE,EXCEPTION_MSG,NONE,Time,400
Case_898,PASS,FAILING_POINTS,0,LARGEST_ERROR,6.24409e-11,SUPPORTED,TRUE,EXCEPTION_MSG,NONE,Time,1047
Case_899,PASS,FAILING_POINTS,0,LARGEST_ERROR,2.86063e-11,SUPPORTED,TRUE,EXCEPTION_MSG,NONE,Time,331
Case_900,PASS,FAILING_POINTS,0,LARGEST_ERROR,2.61336e-10,SUPPORTED,TRUE,EXCEPTION_MSG,NONE,Time,625
Case_901,PASS,FAILING_POINTS,0,LARGEST_ERROR,4.8206e-06,SUPPORTED,TRUE,EXCEPTION_MSG,NONE,Time,220
Case_902,PASS,FAILING_POINTS,0,LARGEST_ERROR,4.83065e-07,SUPPORTED,TRUE,EXCEPTION_MSG,NONE,Time,175
Case_903,PASS,FAILING_POINTS,0,LARGEST_ERROR,4.89905e-06,SUPPORTED,TRUE,EXCEPTION_MSG,NONE,Time,138
Case_904,PASS,FAILING_POINTS,0,LARGEST_ERROR,4.78728e-06,SUPPORTED,TRUE,EXCEPTION_MSG,NONE,Time,163
Case_905,PASS,FAILING_POINTS,0,LARGEST_ERROR,4.98659e-10,SUPPORTED,TRUE,EXCEPTION_MSG,NONE,Time,133
Case_906,PASS,FAILING_POINTS,0,LARGEST_ERROR,3.38881e-09,SUPPORTED,TRUE,EXCEPTION_MSG,NONE,Time,238
Case_907,PASS,FAILING_POINTS,0,LARGEST_ERROR,1.97328e-06,SUPPORTED,TRUE,EXCEPTION_MSG,NONE,Time,289
Case_908,PASS,FAILING_POINTS,0,LARGEST_ERROR,4.95159e-06,SUPPORTED,TRUE,EXCEPTION_MSG,NONE,Time,206
Case_909,PASS,FAILING_POINTS,0,LARGEST_ERROR,4.95503e-08,SUPPORTED,TRUE,EXCEPTION_MSG,NONE,Time,226
Case_910,PASS,FAILING_POINTS,0,LARGEST_ERROR,4.92093e-08,SUPPORTED,TRUE,EXCEPTION_MSG,NONE,Time,154
Case_911,PASS,FAILING_POINTS,0,LARGEST_ERROR,4.90404e-06,SUPPORTED,TRUE,EXCEPTION_MSG,NONE,Time,230
Case_912,PASS,FAILING_POINTS,0,LARGEST_ERROR,4.72612e-06,SUPPORTED,TRUE,EXCEPTION_MSG,NONE,Time,499
Case_913,PASS,FAILING_POINTS,0,LARGEST_ERROR,4.70232e-06,SUPPORTED,TRUE,EXCEPTION_MSG,NONE,Time,492
Case_914,PASS,FAILING_POINTS,0,LARGEST_ERROR,4.95742e-06,SUPPORTED,TRUE,EXCEPTION_MSG,NONE,Time,214
Case_915,PASS,FAILING_POINTS,0,LARGEST_ERROR,4.89506e-07,SUPPORTED,TRUE,EXCEPTION_MSG,NONE,Time,442
Case_916,PASS,FAILING_POINTS,0,LARGEST_ERROR,6.75775e-06,SUPPORTED,TRUE,EXCEPTION_MSG,NONE,Time,857
Case_917,PASS,FAILING_POINTS,0,LARGEST_ERROR,4.93148e-05,SUPPORTED,TRUE,EXCEPTION_MSG,NONE,Time,148
Case_918,PASS,FAILING_POINTS,0,LARGEST_ERROR,4.25652e-05,SUPPORTED,TRUE,EXCEPTION_MSG,NONE,Time,161
Case_919,PASS,FAILING_POINTS,0,LARGEST_ERROR,4.89893e-05,SUPPORTED,TRUE,EXCEPTION_MSG,NONE,Time,112
Case_920,PASS,FAILING_POINTS,0,LARGEST_ERROR,1.11022e-16,SUPPORTED,TRUE,EXCEPTION_MSG,NONE,Time,460
Case_921,PASS,FAILING_POINTS,0,LARGEST_ERROR,1.11022e-16,SUPPORTED,TRUE,EXCEPTION_MSG,NONE,Time,351
Case_922,PASS,FAILING_POINTS,0,LARGEST_ERROR,1.11022e-16,SUPPORTED,TRUE,EXCEPTION_MSG,NONE,Time,169
Case_923,PASS,FAILING_POINTS,0,LARGEST_ERROR,1.11022e-16,SUPPORTED,TRUE,EXCEPTION_MSG,NONE,Time,244
Case_924,PASS,FAILING_POINTS,0,LARGEST_ERROR,1.11022e-16,SUPPORTED,TRUE,EXCEPTION_MSG,NONE,Time,137
Case_925,PASS,FAILING_POINTS,0,LARGEST_ERROR,1.11022e-16,SUPPORTED,TRUE,EXCEPTION_MSG,NONE,Time,274
Case_926,PASS,FAILING_POINTS,0,LARGEST_ERROR,2.43533e-07,SUPPORTED,TRUE,EXCEPTION_MSG,NONE,Time,363
Case_927,PASS,FAILING_POINTS,0,LARGEST_ERROR,3.67262e-08,SUPPORTED,TRUE,EXCEPTION_MSG,NONE,Time,182
Case_928,PASS,FAILING_POINTS,0,LARGEST_ERROR,6.41259e-12,SUPPORTED,TRUE,EXCEPTION_MSG,NONE,Time,236
Case_929,PASS,FAILING_POINTS,0,LARGEST_ERROR,6.41259e-12,SUPPORTED,TRUE,EXCEPTION_MSG,NONE,Time,357
Case_930,PASS,FAILING_POINTS,0,LARGEST_ERROR,2.22045e-16,SUPPORTED,TRUE,EXCEPTION_MSG,NONE,Time,332
Case_931,PASS,FAILING_POINTS,0,LARGEST_ERROR,2.22045e-16,SUPPORTED,TRUE,EXCEPTION_MSG,NONE,Time,207
Case_932,PASS,FAILING_POINTS,0,LARGEST_ERROR,4.10331e-08,SUPPORTED,TRUE,EXCEPTION_MSG,NONE,Time,214
Case_933,PASS,FAILING_POINTS,0,LARGEST_ERROR,2.37702e-08,SUPPORTED,TRUE,EXCEPTION_MSG,NONE,Time,266
Case_934,PASS,FAILING_POINTS,0,LARGEST_ERROR,2.22045e-16,SUPPORTED,TRUE,EXCEPTION_MSG,NONE,Time,333
Case_935,PASS,FAILING_POINTS,0,LARGEST_ERROR,2.22045e-16,SUPPORTED,TRUE,EXCEPTION_MSG,NONE,Time,585
Case_936,PASS,FAILING_POINTS,0,LARGEST_ERROR,4.96871e-09,SUPPORTED,TRUE,EXCEPTION_MSG,NONE,Time,360
Case_937,FAIL,FAILING_POINTS,0,LARGEST_ERROR,1,SUPPORTED,FALSE,EXCEPTION_MSG,NOT_SUPPORTED,Time,0
Case_938,FAIL,FAILING_POINTS,0,LARGEST_ERROR,1,SUPPORTED,FALSE,EXCEPTION_MSG,NOT_SUPPORTED,Time,0
Case_939,FAIL,FAILING_POINTS,0,LARGEST_ERROR,1,SUPPORTED,FALSE,EXCEPTION_MSG,NOT_SUPPORTED,Time,0
Case_940,FAIL,FAILING_POINTS,0,LARGEST_ERROR,1,SUPPORTED,FALSE,EXCEPTION_MSG,NOT_SUPPORTED,Time,0
Case_941,FAIL,FAILING_POINTS,0,LARGEST_ERROR,1,SUPPORTED,FALSE,EXCEPTION_MSG,NOT_SUPPORTED,Time,0
Case_942,FAIL,FAILING_POINTS,0,LARGEST_ERROR,1,SUPPORTED,FALSE,EXCEPTION_MSG,NOT_SUPPORTED,Time,0
Case_943,FAIL,FAILING_POINTS,0,LARGEST_ERROR,1,SUPPORTED,FALSE,EXCEPTION_MSG,NOT_SUPPORTED,Time,0
Case_944,PASS,FAILING_POINTS,0,LARGEST_ERROR,4.1405e-07,SUPPORTED,TRUE,EXCEPTION_MSG,NONE,Time,525
Case_945,PASS,FAILING_POINTS,0,LARGEST_ERROR,3.74912e-06,SUPPORTED,TRUE,EXCEPTION_MSG,NONE,Time,203
Case_946,PASS,FAILING_POINTS,0,LARGEST_ERROR,3.74912e-06,SUPPORTED,TRUE,EXCEPTION_MSG,NONE,Time,181
Case_947,PASS,FAILING_POINTS,0,LARGEST_ERROR,3.75212e-07,SUPPORTED,TRUE,EXCEPTION_MSG,NONE,Time,193
Case_948,PASS,FAILING_POINTS,0,LARGEST_ERROR,3.75212e-07,SUPPORTED,TRUE,EXCEPTION_MSG,NONE,Time,272
Case_949,PASS,FAILING_POINTS,0,LARGEST_ERROR,1.11022e-16,SUPPORTED,TRUE,EXCEPTION_MSG,NONE,Time,397
Case_950
Case_951,PASS,FAILING_POINTS,0,LARGEST_ERROR,+INF,SUPPORTED,TRUE,EXCEPTION_MSG,NONE,Time,239
Case_952,PASS,FAILING_POINTS,0,LARGEST_ERROR,4.99502e-09,SUPPORTED,TRUE,EXCEPTION_MSG,NONE,Time,2419
Case_953,PASS,FAILING_POINTS,0,LARGEST_ERROR,4.99502e-09,SUPPORTED,TRUE,EXCEPTION_MSG,NONE,Time,2221
Case_954,PASS,FAILING_POINTS,0,LARGEST_ERROR,4.76828e-10,SUPPORTED,TRUE,EXCEPTION_MSG,NONE,Time,468
Case_955,FAIL,FAILING_POINTS,1,LARGEST_ERROR,1,SUPPORTED,TRUE,EXCEPTION_MSG,NONE,Time,250
Case_956,PASS,FAILING_POINTS,0,LARGEST_ERROR,4.76828e-10,SUPPORTED,TRUE,EXCEPTION_MSG,NONE,Time,308
Case_957
Case_958
Case_959,FAIL,FAILING_POINTS,169,LARGEST_ERROR,1000,SUPPORTED,TRUE,EXCEPTION_MSG,NONE,Time,326
Case_960,PASS,FAILING_POINTS,0,LARGEST_ERROR,5.99654e+06,SUPPORTED,TRUE,EXCEPTION_MSG,NONE,Time,383
Case_961,FAIL,FAILING_POINTS,33,LARGEST_ERROR,6.02214e+23,SUPPORTED,TRUE,EXCEPTION_MSG,NONE,Time,241
Case_962,FAIL,FAILING_POINTS,11,LARGEST_ERROR,1,SUPPORTED,TRUE,EXCEPTION_MSG,NONE,Time,2349
Case_963,PASS,FAILING_POINTS,0,LARGEST_ERROR,4.99501e-10,SUPPORTED,TRUE,EXCEPTION_MSG,NONE,Time,510
Case_964,PASS,FAILING_POINTS,0,LARGEST_ERROR,4.99502e-09,SUPPORTED,TRUE,EXCEPTION_MSG,NONE,Time,2579
Case_965,PASS,FAILING_POINTS,0,LARGEST_ERROR,4.99502e-09,SUPPORTED,TRUE,EXCEPTION_MSG,NONE,Time,2446
Case_966,FAIL,FAILING_POINTS,0,LARGEST_ERROR,1,SUPPORTED,FALSE,EXCEPTION_MSG,NOT_SUPPORTED,Time,0
Case_967,PASS,FAILING_POINTS,0,LARGEST_ERROR,0.01,SUPPORTED,TRUE,EXCEPTION_MSG,NONE,Time,656
Case_968,PASS,FAILING_POINTS,0,LARGEST_ERROR,1.06581e-14,SUPPORTED,TRUE,EXCEPTION_MSG,NONE,Time,254
Case_969,PASS,FAILING_POINTS,0,LARGEST_ERROR,1.06581e-14,SUPPORTED,TRUE,EXCEPTION_MSG,NONE,Time,256
Case_970,PASS,FAILING_POINTS,0,LARGEST_ERROR,1.06581e-14,SUPPORTED,TRUE,EXCEPTION_MSG,NONE,Time,152
Case_971,PASS,FAILING_POINTS,0,LARGEST_ERROR,1.06581e-14,SUPPORTED,TRUE,EXCEPTION_MSG,NONE,Time,129
Case_972,PASS,FAILING_POINTS,0,LARGEST_ERROR,7.10543e-15,SUPPORTED,TRUE,EXCEPTION_MSG,NONE,Time,285
Case_973,PASS,FAILING_POINTS,0,LARGEST_ERROR,5.63407e-11,SUPPORTED,TRUE,EXCEPTION_MSG,NONE,Time,424
Case_974,PASS,FAILING_POINTS,0,LARGEST_ERROR,5.32907e-15,SUPPORTED,TRUE,EXCEPTION_MSG,NONE,Time,251
Case_975,PASS,FAILING_POINTS,0,LARGEST_ERROR,4.95886e-10,SUPPORTED,TRUE,EXCEPTION_MSG,NONE,Time,307
Case_976,PASS,FAILING_POINTS,0,LARGEST_ERROR,4.99663e-10,SUPPORTED,TRUE,EXCEPTION_MSG,NONE,Time,246
Case_977,PASS,FAILING_POINTS,0,LARGEST_ERROR,4.97712e-10,SUPPORTED,TRUE,EXCEPTION_MSG,NONE,Time,163
Case_978,FAIL,FAILING_POINTS,0,LARGEST_ERROR,1,SUPPORTED,FALSE,EXCEPTION_MSG,NOT_SUPPORTED,Time,0
Case_979,PASS,FAILING_POINTS,0,LARGEST_ERROR,2.22045e-16,SUPPORTED,TRUE,EXCEPTION_MSG,NONE,Time,388
Case_980,PASS,FAILING_POINTS,0,LARGEST_ERROR,2.22045e-16,SUPPORTED,TRUE,EXCEPTION_MSG,NONE,Time,338
